Steps,Policy/Entropy,Policy/Learning Rate,Policy/Extrinsic Value Estimate,Losses/Value Loss,Losses/Policy Loss,Policy/Extrinsic Reward,Environment/Cumulative Reward,Environment/Episode Length
10000,1.4175668,0.0002994001,-0.11309425,0.71639615,0.01080437,20.69871407162109,20.698714002626673,173.96803652968038
20000,1.4155949,0.0002982001,0.075389944,0.51441854,0.0091186995,22.38367813957476,22.383678182267246,172.8053097345133
30000,1.4136719,0.00029700008,0.14213441,0.48659006,0.010794477,22.26485819444965,22.264858103715458,156.61133603238866
