{"cameraMode":{"drawMode":0,"name":"Shaded","section":"Shading Mode"},"sceneLighting":false,"audioPlay":false,"sceneViewState":{"showFog":true,"showMaterialUpdate":false,"showSkybox":false,"showFlares":true,"showImageEffects":true,"showParticleSystems":true},"in2DMode":false,"pivot":{"x":-2.5428009033203127,"y":-0.19661712646484376,"z":1.3608474731445313},"rotation":{"x":-0.04863196983933449,"y":0.9250090718269348,"z":-0.35485559701919558,"w":-0.12677070498466493},"size":60.692203521728519,"orthographic":false}