{
  "name": "root",
  "gauges": [
    {
      "name": "VehicleBrain.mean_reward",
      "value": 11949.758178591728,
      "min": 59.95959418373449,
      "max": 11976.237773060799,
      "count": 541
    }
  ],
  "total": 34599.417583958006,
  "count": 1,
  "self": 372.8475038633842,
  "children": [
    {
      "name": "TrainerController.advance",
      "total": 34226.57008009462,
      "count": 1618791,
      "self": 1356.9338536769646,
      "children": [
        {
          "name": "env_step",
          "total": 11866.124293786728,
          "count": 1618791,
          "self": 1227.8068878506201,
          "children": [
            {
              "name": "SubprocessEnvManager._take_step",
              "total": 10598.20353957624,
              "count": 7662404,
              "self": 179.23216100453283,
              "children": [
                {
                  "name": "PPOPolicy.evaluate",
                  "total": 10418.971378571707,
                  "count": 7662404,
                  "self": 10418.971378571707
                }
              ]
            },
            {
              "name": "workers",
              "total": 40.11386635986764,
              "count": 1618790,
              "self": 0.0,
              "children": [
                {
                  "name": "worker_root",
                  "total": 207440.1688610823,
                  "count": 7662400,
                  "is_parallel": true,
                  "self": 196546.13483064837,
                  "children": [
                    {
                      "name": "batched_step_result_from_proto",
                      "total": 0.00287308800034225,
                      "count": 6,
                      "is_parallel": true,
                      "self": 0.0013529519992516725,
                      "children": [
                        {
                          "name": "_process_vector_observation",
                          "total": 0.0015201360010905773,
                          "count": 6,
                          "is_parallel": true,
                          "self": 0.0015201360010905773
                        }
                      ]
                    },
                    {
                      "name": "UnityEnvironment.step",
                      "total": 10894.031157345926,
                      "count": 7662400,
                      "is_parallel": true,
                      "self": 474.0222236294794,
                      "children": [
                        {
                          "name": "UnityEnvironment._generate_step_input",
                          "total": 321.6141622935111,
                          "count": 7662400,
                          "is_parallel": true,
                          "self": 321.6141622935111
                        },
                        {
                          "name": "communicator.exchange",
                          "total": 8915.325402074548,
                          "count": 7662400,
                          "is_parallel": true,
                          "self": 8915.325402074548
                        },
                        {
                          "name": "batched_step_result_from_proto",
                          "total": 1183.0693693483881,
                          "count": 7662400,
                          "is_parallel": true,
                          "self": 686.7361936798525,
                          "children": [
                            {
                              "name": "_process_vector_observation",
                              "total": 496.33317566853566,
                              "count": 7662400,
                              "is_parallel": true,
                              "self": 496.33317566853566
                            }
                          ]
                        }
                      ]
                    }
                  ]
                }
              ]
            }
          ]
        },
        {
          "name": "update_policy",
          "total": 21003.511932630925,
          "count": 3644,
          "self": 88.41969328925552,
          "children": [
            {
              "name": "PPOPolicy.update",
              "total": 20915.09223934167,
              "count": 962800,
              "self": 20915.09223934167
            }
          ]
        }
      ]
    }
  ]
}