{
  "name": "root",
  "gauges": [
    {
      "name": "VehicleBrain.mean_reward",
      "value": 3277.395402945578,
      "min": -5341.259403710564,
      "max": 3762.7669784501195,
      "count": 899
    }
  ],
  "total": 41937.168574391,
  "count": 1,
  "self": 515.7100654906244,
  "children": [
    {
      "name": "TrainerController.advance",
      "total": 41421.458508900374,
      "count": 2222456,
      "self": 1762.9170831783485,
      "children": [
        {
          "name": "env_step",
          "total": 14319.809924119128,
          "count": 2222456,
          "self": 1453.3934996206553,
          "children": [
            {
              "name": "SubprocessEnvManager._take_step",
              "total": 12817.322121017125,
              "count": 8998849,
              "self": 206.01131258582427,
              "children": [
                {
                  "name": "PPOPolicy.evaluate",
                  "total": 12611.3108084313,
                  "count": 8998849,
                  "self": 12611.3108084313
                }
              ]
            },
            {
              "name": "workers",
              "total": 49.09430348134853,
              "count": 2222456,
              "self": 0.0,
              "children": [
                {
                  "name": "worker_root",
                  "total": 251401.56926569348,
                  "count": 8998847,
                  "is_parallel": true,
                  "self": 235556.1835559366,
                  "children": [
                    {
                      "name": "batched_step_result_from_proto",
                      "total": 0.0040485969999792815,
                      "count": 6,
                      "is_parallel": true,
                      "self": 0.002543754999948078,
                      "children": [
                        {
                          "name": "_process_vector_observation",
                          "total": 0.0015048420000312035,
                          "count": 6,
                          "is_parallel": true,
                          "self": 0.0015048420000312035
                        }
                      ]
                    },
                    {
                      "name": "UnityEnvironment.step",
                      "total": 15845.381661159885,
                      "count": 8998847,
                      "is_parallel": true,
                      "self": 554.7909197272493,
                      "children": [
                        {
                          "name": "UnityEnvironment._generate_step_input",
                          "total": 377.0212012957155,
                          "count": 8998847,
                          "is_parallel": true,
                          "self": 377.0212012957155
                        },
                        {
                          "name": "communicator.exchange",
                          "total": 13491.943056392525,
                          "count": 8998847,
                          "is_parallel": true,
                          "self": 13491.943056392525
                        },
                        {
                          "name": "batched_step_result_from_proto",
                          "total": 1421.6264837443937,
                          "count": 8998847,
                          "is_parallel": true,
                          "self": 838.0612223305127,
                          "children": [
                            {
                              "name": "_process_vector_observation",
                              "total": 583.565261413881,
                              "count": 8998847,
                              "is_parallel": true,
                              "self": 583.565261413881
                            }
                          ]
                        }
                      ]
                    }
                  ]
                }
              ]
            }
          ]
        },
        {
          "name": "update_policy",
          "total": 25338.7315016029,
          "count": 4440,
          "self": 100.72522962157018,
          "children": [
            {
              "name": "PPOPolicy.update",
              "total": 25238.00627198133,
              "count": 1173069,
              "self": 25238.00627198133
            }
          ]
        }
      ]
    }
  ]
}