{
  "name": "root",
  "gauges": [
    {
      "name": "VehicleBrain.mean_reward",
      "value": 10936.529821418226,
      "min": -5.07859898193015,
      "max": 15145.484391774982,
      "count": 501
    }
  ],
  "total": 45526.649998518995,
  "count": 1,
  "self": 459.46657274519384,
  "children": [
    {
      "name": "TrainerController.advance",
      "total": 45067.1834257738,
      "count": 2058846,
      "self": 1730.9730141393375,
      "children": [
        {
          "name": "env_step",
          "total": 15319.953377896192,
          "count": 2058846,
          "self": 1557.749027107253,
          "children": [
            {
              "name": "SubprocessEnvManager._take_step",
              "total": 13710.703910097036,
              "count": 10254969,
              "self": 228.2622947304626,
              "children": [
                {
                  "name": "PPOPolicy.evaluate",
                  "total": 13482.441615366573,
                  "count": 10254969,
                  "self": 13482.441615366573
                }
              ]
            },
            {
              "name": "workers",
              "total": 51.50044069190335,
              "count": 2058845,
              "self": 0.0,
              "children": [
                {
                  "name": "worker_root",
                  "total": 272958.9832546187,
                  "count": 10254963,
                  "is_parallel": true,
                  "self": 260675.09898274633,
                  "children": [
                    {
                      "name": "batched_step_result_from_proto",
                      "total": 0.00309961500170175,
                      "count": 6,
                      "is_parallel": true,
                      "self": 0.0014996370009612292,
                      "children": [
                        {
                          "name": "_process_vector_observation",
                          "total": 0.0015999780007405207,
                          "count": 6,
                          "is_parallel": true,
                          "self": 0.0015999780007405207
                        }
                      ]
                    },
                    {
                      "name": "UnityEnvironment.step",
                      "total": 12283.881172257374,
                      "count": 10254963,
                      "is_parallel": true,
                      "self": 633.3631361474618,
                      "children": [
                        {
                          "name": "UnityEnvironment._generate_step_input",
                          "total": 415.12100223617745,
                          "count": 10254963,
                          "is_parallel": true,
                          "self": 415.12100223617745
                        },
                        {
                          "name": "communicator.exchange",
                          "total": 9622.326411578455,
                          "count": 10254963,
                          "is_parallel": true,
                          "self": 9622.326411578455
                        },
                        {
                          "name": "batched_step_result_from_proto",
                          "total": 1613.0706222952795,
                          "count": 10254963,
                          "is_parallel": true,
                          "self": 930.0809514075881,
                          "children": [
                            {
                              "name": "_process_vector_observation",
                              "total": 682.9896708876913,
                              "count": 10254963,
                              "is_parallel": true,
                              "self": 682.9896708876913
                            }
                          ]
                        }
                      ]
                    }
                  ]
                }
              ]
            }
          ]
        },
        {
          "name": "update_policy",
          "total": 28016.25703373827,
          "count": 4859,
          "self": 118.22462666663341,
          "children": [
            {
              "name": "PPOPolicy.update",
              "total": 27898.032407071638,
              "count": 1284096,
              "self": 27898.032407071638
            }
          ]
        }
      ]
    }
  ]
}