{
  "name": "root",
  "gauges": [
    {
      "name": "VehicleBrain.mean_reward",
      "value": 2470.1797900907695,
      "min": -2723.742430781325,
      "max": 3342.9041394945234,
      "count": 1484
    }
  ],
  "total": 70419.255991439,
  "count": 1,
  "self": 874.3131210258434,
  "children": [
    {
      "name": "TrainerController.advance",
      "total": 69544.94287041316,
      "count": 3652170,
      "self": 2989.7450453749043,
      "children": [
        {
          "name": "env_step",
          "total": 24217.6439392108,
          "count": 3652170,
          "self": 2463.2285654595107,
          "children": [
            {
              "name": "SubprocessEnvManager._take_step",
              "total": 21674.233835907078,
              "count": 14849744,
              "self": 371.6575135355597,
              "children": [
                {
                  "name": "PPOPolicy.evaluate",
                  "total": 21302.57632237152,
                  "count": 14849744,
                  "self": 21302.57632237152
                }
              ]
            },
            {
              "name": "workers",
              "total": 80.18153784421156,
              "count": 3652169,
              "self": 0.0,
              "children": [
                {
                  "name": "worker_root",
                  "total": 422172.6187547295,
                  "count": 14849738,
                  "is_parallel": true,
                  "self": 395309.6356859749,
                  "children": [
                    {
                      "name": "batched_step_result_from_proto",
                      "total": 0.0033056119937100448,
                      "count": 6,
                      "is_parallel": true,
                      "self": 0.001526088992250152,
                      "children": [
                        {
                          "name": "_process_vector_observation",
                          "total": 0.0017795230014598928,
                          "count": 6,
                          "is_parallel": true,
                          "self": 0.0017795230014598928
                        }
                      ]
                    },
                    {
                      "name": "UnityEnvironment.step",
                      "total": 26862.97976314262,
                      "count": 14849738,
                      "is_parallel": true,
                      "self": 954.9867174890605,
                      "children": [
                        {
                          "name": "UnityEnvironment._generate_step_input",
                          "total": 645.4921897071181,
                          "count": 14849738,
                          "is_parallel": true,
                          "self": 645.4921897071181
                        },
                        {
                          "name": "communicator.exchange",
                          "total": 22835.49283875434,
                          "count": 14849738,
                          "is_parallel": true,
                          "self": 22835.49283875434
                        },
                        {
                          "name": "batched_step_result_from_proto",
                          "total": 2427.0080171921,
                          "count": 14849738,
                          "is_parallel": true,
                          "self": 1414.8131445525141,
                          "children": [
                            {
                              "name": "_process_vector_observation",
                              "total": 1012.1948726395858,
                              "count": 14849738,
                              "is_parallel": true,
                              "self": 1012.1948726395858
                            }
                          ]
                        }
                      ]
                    }
                  ]
                }
              ]
            }
          ]
        },
        {
          "name": "update_policy",
          "total": 42337.55388582745,
          "count": 7309,
          "self": 175.60173515390488,
          "children": [
            {
              "name": "PPOPolicy.update",
              "total": 42161.95215067355,
              "count": 1930792,
              "self": 42161.95215067355
            }
          ]
        }
      ]
    }
  ]
}