Steps,Policy/Entropy,Policy/Learning Rate,Policy/Extrinsic Value Estimate,Policy/Extrinsic Reward,Environment/Cumulative Reward,Environment/Episode Length,Losses/Value Loss,Losses/Policy Loss
2500,1.4088535,0.000292503,0.15335873,0.12023460410557185,0.12023460410557185,41.56891495601173,0.13902406,0.24535948
5000,1.412713,0.00027750302,0.36784187,0.5242718446601942,0.5242718446601942,69.35436893203884,0.045378674,0.24465191
7500,1.4068755,0.00026250302,0.3874768,0.5333333333333333,0.5333333333333333,59.35294117647059,0.030714463,0.24889362
10000,1.4055481,0.00024750305,0.71090037,0.8475073313782991,0.8475073313782991,43.29032258064516,0.01963366,0.24390137
12500,1.4079002,0.00023250305,0.79680365,0.94,0.94,28.666,0.016422158,0.24570481
