{"count":1,"gauges":{},"self":501.26412799999997,"total":45525.936809,"children":{"AgentResetIfDone":{"count":2058817,"self":8.0476672,"total":8.0476669999999988,"children":null},"AgentSendState":{"count":2058817,"self":16.3899456,"total":22.861182,"children":{"CollectObservations":{"count":2058817,"self":6.4712368,"total":6.4712369999999995,"children":null}}},"DecideAction":{"count":2058817,"self":44915.6415488,"total":44936.025841999995,"children":{"AgentInfo.ToProto":{"count":2058817,"self":20.3846112,"total":20.384611,"children":null}}},"AcademyStep":{"count":2058817,"self":6.6990472,"total":6.6990469999999993,"children":null},"AgentAct":{"count":2058817,"self":51.0371776,"total":51.037178999999995,"children":null}}}ull}}}