Steps,Policy/Entropy,Policy/Learning Rate,Policy/Extrinsic Value Estimate,Policy/Curiosity Value Estimate,Policy/Extrinsic Reward,Policy/Curiosity Reward,Environment/Cumulative Reward,Environment/Episode Length,Losses/Value Loss,Losses/Policy Loss,Losses/Curiosity Forward Loss,Losses/Curiosity Inverse Loss
10000,1.0980715,9.9900055e-05,0.5642726,-0.42386577,126.25933120421001,0.23651191934144922,126.2593323581985,132.75714285714287,304.3952,0.14107752,0.23324361,1.0849699
20001,1.0961233,9.9700046e-05,0.6616085,0.0017046797,119.73438032354628,0.29600781472732446,119.73438132213694,135.94285714285715,282.33447,0.13725737,0.09873201,0.48069897
