{
  "name": "root",
  "gauges": [
    {
      "name": "VehicleBrain.mean_reward",
      "value": 116.89165624858518,
      "min": 116.89165624858518,
      "max": 172.18877456556348,
      "count": 4
    }
  ],
  "total": 364.410380248999,
  "count": 1,
  "self": 15.0039368296857,
  "children": [
    {
      "name": "TrainerController.advance",
      "total": 349.4064434193133,
      "count": 43044,
      "self": 19.91120851150481,
      "children": [
        {
          "name": "env_step",
          "total": 213.71993679183652,
          "count": 43044,
          "self": 158.28549116896465,
          "children": [
            {
              "name": "SubprocessEnvManager._take_step",
              "total": 55.05967699189205,
              "count": 43044,
              "self": 0.7733586951508187,
              "children": [
                {
                  "name": "PPOPolicy.evaluate",
                  "total": 54.28631829674123,
                  "count": 43044,
                  "self": 54.28631829674123
                }
              ]
            },
            {
              "name": "workers",
              "total": 0.3747686309798155,
              "count": 43044,
              "self": 0.0,
              "children": [
                {
                  "name": "worker_root",
                  "total": 361.3672555874218,
                  "count": 43044,
                  "is_parallel": true,
                  "self": 220.85774215232232,
                  "children": [
                    {
                      "name": "batched_step_result_from_proto",
                      "total": 0.0004388089873827994,
                      "count": 1,
                      "is_parallel": true,
                      "self": 0.00021548199583776295,
                      "children": [
                        {
                          "name": "_process_vector_observation",
                          "total": 0.00022332699154503644,
                          "count": 1,
                          "is_parallel": true,
                          "self": 0.00022332699154503644
                        }
                      ]
                    },
                    {
                      "name": "UnityEnvironment.step",
                      "total": 140.50907462611212,
                      "count": 43044,
                      "is_parallel": true,
                      "self": 2.405683552555274,
                      "children": [
                        {
                          "name": "UnityEnvironment._generate_step_input",
                          "total": 1.7656605490483344,
                          "count": 43044,
                          "is_parallel": true,
                          "self": 1.7656605490483344
                        },
                        {
                          "name": "communicator.exchange",
                          "total": 129.7733720674587,
                          "count": 43044,
                          "is_parallel": true,
                          "self": 129.7733720674587
                        },
                        {
                          "name": "batched_step_result_from_proto",
                          "total": 6.564358457049821,
                          "count": 43044,
                          "is_parallel": true,
                          "self": 3.7202808147703763,
                          "children": [
                            {
                              "name": "_process_vector_observation",
                              "total": 2.8440776422794443,
                              "count": 43044,
                              "is_parallel": true,
                              "self": 2.8440776422794443
                            }
                          ]
                        }
                      ]
                    }
                  ]
                }
              ]
            }
          ]
        },
        {
          "name": "update_policy",
          "total": 115.77529811597196,
          "count": 21,
          "self": 0.44324262454756536,
          "children": [
            {
              "name": "PPOPolicy.update",
              "total": 115.3320554914244,
              "count": 5371,
              "self": 115.3320554914244
            }
          ]
        }
      ]
    }
  ]
}