{
  "name": "root",
  "gauges": [
    {
      "name": "VehicleBrain.mean_reward",
      "value": 167.7958866020753,
      "min": 117.41589345704568,
      "max": 262.90682540408204,
      "count": 8
    }
  ],
  "total": 589.9293786270136,
  "count": 1,
  "self": 22.699654285854194,
  "children": [
    {
      "name": "TrainerController.advance",
      "total": 567.2297243411595,
      "count": 89157,
      "self": 41.80027517222334,
      "children": [
        {
          "name": "env_step",
          "total": 432.25857439887477,
          "count": 89157,
          "self": 314.26925687585026,
          "children": [
            {
              "name": "SubprocessEnvManager._take_step",
              "total": 117.21961212938186,
              "count": 89157,
              "self": 1.6608402945566922,
              "children": [
                {
                  "name": "PPOPolicy.evaluate",
                  "total": 115.55877183482517,
                  "count": 89157,
                  "self": 115.55877183482517
                }
              ]
            },
            {
              "name": "workers",
              "total": 0.7697053936426528,
              "count": 89156,
              "self": 0.0,
              "children": [
                {
                  "name": "worker_root",
                  "total": 588.1346246468893,
                  "count": 89156,
                  "is_parallel": true,
                  "self": 311.2735480350675,
                  "children": [
                    {
                      "name": "batched_step_result_from_proto",
                      "total": 0.000425254984293133,
                      "count": 1,
                      "is_parallel": true,
                      "self": 0.00021344798733480275,
                      "children": [
                        {
                          "name": "_process_vector_observation",
                          "total": 0.00021180699695833027,
                          "count": 1,
                          "is_parallel": true,
                          "self": 0.00021180699695833027
                        }
                      ]
                    },
                    {
                      "name": "UnityEnvironment.step",
                      "total": 276.8606513568375,
                      "count": 89156,
                      "is_parallel": true,
                      "self": 5.016865559708094,
                      "children": [
                        {
                          "name": "UnityEnvironment._generate_step_input",
                          "total": 3.6164529478701297,
                          "count": 89156,
                          "is_parallel": true,
                          "self": 3.6164529478701297
                        },
                        {
                          "name": "communicator.exchange",
                          "total": 254.63735762282158,
                          "count": 89156,
                          "is_parallel": true,
                          "self": 254.63735762282158
                        },
                        {
                          "name": "batched_step_result_from_proto",
                          "total": 13.589975226437673,
                          "count": 89156,
                          "is_parallel": true,
                          "self": 7.669112430885434,
                          "children": [
                            {
                              "name": "_process_vector_observation",
                              "total": 5.920862795552239,
                              "count": 89156,
                              "is_parallel": true,
                              "self": 5.920862795552239
                            }
                          ]
                        }
                      ]
                    }
                  ]
                }
              ]
            }
          ]
        },
        {
          "name": "update_policy",
          "total": 93.17087477006135,
          "count": 43,
          "self": 0.4154174003342632,
          "children": [
            {
              "name": "PPOPolicy.update",
              "total": 92.75545736972708,
              "count": 4257,
              "self": 92.75545736972708
            }
          ]
        }
      ]
    }
  ]
}