{
  "name": "root",
  "gauges": [
    {
      "name": "VehicleBrain.mean_reward",
      "value": 2678.786351546645,
      "min": 134.11791975863954,
      "max": 2850.9774375855923,
      "count": 1678
    }
  ],
  "total": 94476.79850966,
  "count": 1,
  "self": 919.3677151985466,
  "children": [
    {
      "name": "TrainerController.advance",
      "total": 93557.43079446146,
      "count": 3742763,
      "self": 3543.749221510283,
      "children": [
        {
          "name": "env_step",
          "total": 32060.926064723375,
          "count": 3742763,
          "self": 3227.749141127133,
          "children": [
            {
              "name": "SubprocessEnvManager._take_step",
              "total": 28728.78657270354,
              "count": 18577780,
              "self": 490.150024889881,
              "children": [
                {
                  "name": "PPOPolicy.evaluate",
                  "total": 28238.636547813658,
                  "count": 18577780,
                  "self": 28238.636547813658
                }
              ]
            },
            {
              "name": "workers",
              "total": 104.39035089270328,
              "count": 3742763,
              "self": 0.0,
              "children": [
                {
                  "name": "worker_root",
                  "total": 566464.0722529392,
                  "count": 18577779,
                  "is_parallel": true,
                  "self": 542331.5465897816,
                  "children": [
                    {
                      "name": "batched_step_result_from_proto",
                      "total": 0.003766981011722237,
                      "count": 6,
                      "is_parallel": true,
                      "self": 0.001831701083574444,
                      "children": [
                        {
                          "name": "_process_vector_observation",
                          "total": 0.0019352799281477928,
                          "count": 6,
                          "is_parallel": true,
                          "self": 0.0019352799281477928
                        }
                      ]
                    },
                    {
                      "name": "UnityEnvironment.step",
                      "total": 24132.521896176593,
                      "count": 18577779,
                      "is_parallel": true,
                      "self": 1228.9914802503772,
                      "children": [
                        {
                          "name": "UnityEnvironment._generate_step_input",
                          "total": 805.1164735835919,
                          "count": 18577779,
                          "is_parallel": true,
                          "self": 805.1164735835919
                        },
                        {
                          "name": "communicator.exchange",
                          "total": 18877.324915100093,
                          "count": 18577779,
                          "is_parallel": true,
                          "self": 18877.324915100093
                        },
                        {
                          "name": "batched_step_result_from_proto",
                          "total": 3221.0890272425313,
                          "count": 18577779,
                          "is_parallel": true,
                          "self": 1837.5991658988933,
                          "children": [
                            {
                              "name": "_process_vector_observation",
                              "total": 1383.489861343638,
                              "count": 18577779,
                              "is_parallel": true,
                              "self": 1383.489861343638
                            }
                          ]
                        }
                      ]
                    }
                  ]
                }
              ]
            }
          ]
        },
        {
          "name": "update_policy",
          "total": 57952.7555082278,
          "count": 8810,
          "self": 235.20060323356302,
          "children": [
            {
              "name": "PPOPolicy.update",
              "total": 57717.554904994235,
              "count": 2327880,
              "self": 57717.554904994235
            }
          ]
        }
      ]
    }
  ]
}