Steps,Policy/Entropy,Policy/Learning Rate,Policy/Extrinsic Value Estimate,Losses/Value Loss,Losses/Policy Loss,Policy/Extrinsic Reward,Environment/Cumulative Reward,Environment/Episode Length
10004,1.0974493,9.9979996e-05,1.2437103,48.715675,0.66528034,293.2854457034005,293.2854435766737,910.7777777777778
20003,1.0877254,9.993999e-05,2.8354363,49.34716,0.86053383,194.59751092686372,194.597511023283,592.0588235294117
