Steps,Policy/Entropy,Policy/Learning Rate,Policy/Extrinsic Value Estimate,Policy/Extrinsic Reward,Environment/Cumulative Reward,Environment/Episode Length,Losses/Value Loss,Losses/Policy Loss
10000,1.0985035,9.990001e-05,0.5360484,299.8243828084734,299.8243831694126,1001.3333333333334,38.800934,0.8201817
20000,1.097187,9.970001e-05,1.632631,259.729501914978,259.72950260713696,1025.9,40.453976,0.8153882
30000,1.0945563,9.950001e-05,2.6245058,142.71450646718344,142.71450578173003,782.5,44.191036,0.87231827
40000,1.0881329,9.930001e-05,2.437448,114.73136828626905,114.73136598403964,671.9285714285714,37.786896,0.874534
