{
  "name": "root",
  "gauges": [
    {
      "name": "VehicleBrain.mean_reward",
      "value": 104.3083880264312,
      "min": 95.97627134079283,
      "max": 238.4118116962222,
      "count": 13
    }
  ],
  "total": 394.969496419988,
  "count": 1,
  "self": 12.664951922241016,
  "children": [
    {
      "name": "TrainerController.advance",
      "total": 382.304544497747,
      "count": 45916,
      "self": 31.28143654912128,
      "children": [
        {
          "name": "env_step",
          "total": 209.15505520465376,
          "count": 45916,
          "self": 22.58142823947128,
          "children": [
            {
              "name": "SubprocessEnvManager._take_step",
              "total": 185.82477818164625,
              "count": 133970,
              "self": 3.103375656733988,
              "children": [
                {
                  "name": "PPOPolicy.evaluate",
                  "total": 182.72140252491226,
                  "count": 133970,
                  "self": 182.72140252491226
                }
              ]
            },
            {
              "name": "workers",
              "total": 0.7488487835362321,
              "count": 45916,
              "self": 0.0,
              "children": [
                {
                  "name": "worker_root",
                  "total": 1573.8365623866412,
                  "count": 133969,
                  "is_parallel": true,
                  "self": 1410.2011792828707,
                  "children": [
                    {
                      "name": "batched_step_result_from_proto",
                      "total": 0.0017755109874997288,
                      "count": 4,
                      "is_parallel": true,
                      "self": 0.000875765981618315,
                      "children": [
                        {
                          "name": "_process_vector_observation",
                          "total": 0.0008997450058814138,
                          "count": 4,
                          "is_parallel": true,
                          "self": 0.0008997450058814138
                        }
                      ]
                    },
                    {
                      "name": "UnityEnvironment.step",
                      "total": 163.63360759278294,
                      "count": 133969,
                      "is_parallel": true,
                      "self": 8.346868743232335,
                      "children": [
                        {
                          "name": "UnityEnvironment._generate_step_input",
                          "total": 5.49339262630383,
                          "count": 133969,
                          "is_parallel": true,
                          "self": 5.49339262630383
                        },
                        {
                          "name": "communicator.exchange",
                          "total": 128.2985324086476,
                          "count": 133969,
                          "is_parallel": true,
                          "self": 128.2985324086476
                        },
                        {
                          "name": "batched_step_result_from_proto",
                          "total": 21.494813814599183,
                          "count": 133969,
                          "is_parallel": true,
                          "self": 12.267355893156491,
                          "children": [
                            {
                              "name": "_process_vector_observation",
                              "total": 9.227457921442692,
                              "count": 133969,
                              "is_parallel": true,
                              "self": 9.227457921442692
                            }
                          ]
                        }
                      ]
                    }
                  ]
                }
              ]
            }
          ]
        },
        {
          "name": "update_policy",
          "total": 141.86805274397193,
          "count": 65,
          "self": 0.6823744992725551,
          "children": [
            {
              "name": "PPOPolicy.update",
              "total": 141.18567824469937,
              "count": 6366,
              "self": 141.18567824469937
            }
          ]
        }
      ]
    }
  ]
}