{
  "name": "root",
  "gauges": [
    {
      "name": "VehicleBrain.mean_reward",
      "value": 178.37242778204381,
      "min": 119.75005531281232,
      "max": 342.1951871576409,
      "count": 16
    }
  ],
  "total": 509.2847723260056,
  "count": 1,
  "self": 18.857736989011755,
  "children": [
    {
      "name": "TrainerController.advance",
      "total": 490.42703533699387,
      "count": 56548,
      "self": 41.213480674050516,
      "children": [
        {
          "name": "env_step",
          "total": 261.9452427129145,
          "count": 56548,
          "self": 27.87044919062464,
          "children": [
            {
              "name": "SubprocessEnvManager._take_step",
              "total": 233.14108332594333,
              "count": 163653,
              "self": 3.825044992088806,
              "children": [
                {
                  "name": "PPOPolicy.evaluate",
                  "total": 229.31603833385452,
                  "count": 163653,
                  "self": 229.31603833385452
                }
              ]
            },
            {
              "name": "workers",
              "total": 0.9337101963465102,
              "count": 56548,
              "self": 0.0,
              "children": [
                {
                  "name": "worker_root",
                  "total": 2023.1755324422993,
                  "count": 163652,
                  "is_parallel": true,
                  "self": 1816.5768342854426,
                  "children": [
                    {
                      "name": "batched_step_result_from_proto",
                      "total": 0.0017494710045866668,
                      "count": 4,
                      "is_parallel": true,
                      "self": 0.0008850460144458339,
                      "children": [
                        {
                          "name": "_process_vector_observation",
                          "total": 0.000864424990140833,
                          "count": 4,
                          "is_parallel": true,
                          "self": 0.000864424990140833
                        }
                      ]
                    },
                    {
                      "name": "UnityEnvironment.step",
                      "total": 206.5969486858521,
                      "count": 163652,
                      "is_parallel": true,
                      "self": 10.178206107986625,
                      "children": [
                        {
                          "name": "UnityEnvironment._generate_step_input",
                          "total": 6.787087754200911,
                          "count": 163652,
                          "is_parallel": true,
                          "self": 6.787087754200911
                        },
                        {
                          "name": "communicator.exchange",
                          "total": 163.3750089868263,
                          "count": 163652,
                          "is_parallel": true,
                          "self": 163.3750089868263
                        },
                        {
                          "name": "batched_step_result_from_proto",
                          "total": 26.25664583683829,
                          "count": 163652,
                          "is_parallel": true,
                          "self": 15.124108325355337,
                          "children": [
                            {
                              "name": "_process_vector_observation",
                              "total": 11.132537511482951,
                              "count": 163652,
                              "is_parallel": true,
                              "self": 11.132537511482951
                            }
                          ]
                        }
                      ]
                    }
                  ]
                }
              ]
            }
          ]
        },
        {
          "name": "update_policy",
          "total": 187.26831195002887,
          "count": 80,
          "self": 0.9544982344523305,
          "children": [
            {
              "name": "PPOPolicy.update",
              "total": 186.31381371557654,
              "count": 7923,
              "self": 186.31381371557654
            }
          ]
        }
      ]
    }
  ]
}