{
  "name": "root",
  "gauges": [
    {
      "name": "VehicleBrain.mean_reward",
      "value": 340.98096929769963,
      "min": 165.60860795527697,
      "max": 417.4940739944577,
      "count": 17
    }
  ],
  "total": 1292.0969310869987,
  "count": 1,
  "self": 40.40257733481121,
  "children": [
    {
      "name": "TrainerController.advance",
      "total": 1251.6943537521875,
      "count": 172584,
      "self": 79.95803180907387,
      "children": [
        {
          "name": "env_step",
          "total": 876.3668213431083,
          "count": 172584,
          "self": 631.0363404983073,
          "children": [
            {
              "name": "SubprocessEnvManager._take_step",
              "total": 243.8106750251609,
              "count": 172584,
              "self": 3.171483388665365,
              "children": [
                {
                  "name": "PPOPolicy.evaluate",
                  "total": 240.63919163649553,
                  "count": 172584,
                  "self": 240.63919163649553
                }
              ]
            },
            {
              "name": "workers",
              "total": 1.519805819640169,
              "count": 172583,
              "self": 0.0,
              "children": [
                {
                  "name": "worker_root",
                  "total": 1288.7166588410037,
                  "count": 172583,
                  "is_parallel": true,
                  "self": 726.5396549164434,
                  "children": [
                    {
                      "name": "batched_step_result_from_proto",
                      "total": 0.0003035669797100127,
                      "count": 1,
                      "is_parallel": true,
                      "self": 8.999297278933227e-05,
                      "children": [
                        {
                          "name": "_process_vector_observation",
                          "total": 0.0002135740069206804,
                          "count": 1,
                          "is_parallel": true,
                          "self": 0.0002135740069206804
                        }
                      ]
                    },
                    {
                      "name": "UnityEnvironment.step",
                      "total": 562.1767003575806,
                      "count": 172583,
                      "is_parallel": true,
                      "self": 9.528061143064406,
                      "children": [
                        {
                          "name": "UnityEnvironment._generate_step_input",
                          "total": 6.934226431010757,
                          "count": 172583,
                          "is_parallel": true,
                          "self": 6.934226431010757
                        },
                        {
                          "name": "communicator.exchange",
                          "total": 528.1015137080976,
                          "count": 172583,
                          "is_parallel": true,
                          "self": 528.1015137080976
                        },
                        {
                          "name": "batched_step_result_from_proto",
                          "total": 17.612899075407768,
                          "count": 172583,
                          "is_parallel": true,
                          "self": 6.164558659598697,
                          "children": [
                            {
                              "name": "_process_vector_observation",
                              "total": 11.44834041580907,
                              "count": 172583,
                              "is_parallel": true,
                              "self": 11.44834041580907
                            }
                          ]
                        }
                      ]
                    }
                  ]
                }
              ]
            }
          ]
        },
        {
          "name": "update_policy",
          "total": 295.36950060000527,
          "count": 82,
          "self": 0.8618091593089048,
          "children": [
            {
              "name": "PPOPolicy.update",
              "total": 294.50769144069636,
              "count": 8118,
              "self": 294.50769144069636
            }
          ]
        }
      ]
    }
  ]
}