Steps,Policy/Entropy,Policy/Learning Rate,Policy/Extrinsic Value Estimate,Policy/Extrinsic Reward,Environment/Cumulative Reward,Environment/Episode Length,Losses/Value Loss,Losses/Policy Loss
10000,1.0985154,9.990001e-05,0.19656095,196.8503384481777,196.8503387163986,871.8181818181819,39.996544,0.8347173
20000,1.096416,9.970001e-05,1.0792125,212.7461118168301,212.74611423412958,1045.3333333333333,38.35733,0.83831644
30000,1.0736421,9.950001e-05,3.0348587,234.10924200578168,234.10924071344462,880.5454545454545,38.06047,0.77377564
