{
  "name": "root",
  "gauges": [
    {
      "name": "VehicleBrain.mean_reward",
      "value": 568.7182653634636,
      "min": 99.36463574444254,
      "max": 578.6399762147555,
      "count": 66
    }
  ],
  "total": 1421.6890719159996,
  "count": 1,
  "self": 152.3696269081006,
  "children": [
    {
      "name": "TrainerController.advance",
      "total": 1269.319445007899,
      "count": 330529,
      "self": 228.03561294487872,
      "children": [
        {
          "name": "env_step",
          "total": 778.3590860690192,
          "count": 330529,
          "self": 130.9337651880296,
          "children": [
            {
              "name": "SubprocessEnvManager._take_step",
              "total": 642.2493660130622,
              "count": 662944,
              "self": 14.21294930413842,
              "children": [
                {
                  "name": "PPOPolicy.evaluate",
                  "total": 628.0364167089238,
                  "count": 662944,
                  "self": 628.0364167089238
                }
              ]
            },
            {
              "name": "workers",
              "total": 5.17595486792743,
              "count": 330528,
              "self": 0.0,
              "children": [
                {
                  "name": "worker_root",
                  "total": 5671.274411315337,
                  "count": 662940,
                  "is_parallel": true,
                  "self": 4328.777795751384,
                  "children": [
                    {
                      "name": "batched_step_result_from_proto",
                      "total": 0.0017252320003535715,
                      "count": 4,
                      "is_parallel": true,
                      "self": 0.0008245160001933982,
                      "children": [
                        {
                          "name": "_process_vector_observation",
                          "total": 0.0009007160001601733,
                          "count": 4,
                          "is_parallel": true,
                          "self": 0.0009007160001601733
                        }
                      ]
                    },
                    {
                      "name": "UnityEnvironment.step",
                      "total": 1342.4948903319528,
                      "count": 662940,
                      "is_parallel": true,
                      "self": 46.1268742757029,
                      "children": [
                        {
                          "name": "UnityEnvironment._generate_step_input",
                          "total": 30.72593733410895,
                          "count": 662940,
                          "is_parallel": true,
                          "self": 30.72593733410895
                        },
                        {
                          "name": "communicator.exchange",
                          "total": 1154.0415263241398,
                          "count": 662940,
                          "is_parallel": true,
                          "self": 1154.0415263241398
                        },
                        {
                          "name": "batched_step_result_from_proto",
                          "total": 111.60055239800113,
                          "count": 662940,
                          "is_parallel": true,
                          "self": 65.15239441277981,
                          "children": [
                            {
                              "name": "_process_vector_observation",
                              "total": 46.448157985221314,
                              "count": 662940,
                              "is_parallel": true,
                              "self": 46.448157985221314
                            }
                          ]
                        }
                      ]
                    }
                  ]
                }
              ]
            }
          ]
        },
        {
          "name": "update_policy",
          "total": 262.9247459940011,
          "count": 312,
          "self": 38.39913301097977,
          "children": [
            {
              "name": "PPOPolicy.update",
              "total": 224.52561298302135,
              "count": 60333,
              "self": 224.52561298302135
            }
          ]
        }
      ]
    }
  ]
}