Steps,Policy/Entropy,Policy/Learning Rate,Policy/Extrinsic Value Estimate,Policy/Extrinsic Reward,Environment/Cumulative Reward,Environment/Episode Length,Losses/Value Loss,Losses/Policy Loss
10000,1.0981271,9.990001e-05,0.67063093,219.036148584806,219.03614643846566,713.4615384615385,52.209824,0.8558427
20000,1.0906217,9.970001e-05,1.2404239,149.45168171988593,149.45168141151467,548.2777777777778,48.71261,0.8841441
30000,1.0618865,9.950001e-05,2.6495793,165.87562251091003,165.87562280148268,512.5555555555555,46.77861,0.883073
40000,0.98555565,9.930001e-05,4.2641783,186.87811332941055,186.87811425937846,439.59090909090907,44.698708,0.8180355
50000,0.85096914,9.9100005e-05,7.016008,209.55968255201975,209.55968223859867,646.8666666666667,46.154305,0.86706734
60000,0.62399817,9.890001e-05,8.21663,183.62731649478278,183.62731995247304,781.25,50.7304,0.9035261
70000,0.6951314,9.87e-05,9.342918,234.00530123710632,234.00530141649338,752.6923076923077,49.379143,0.85631573
80000,0.7947288,9.850001e-05,9.430884,212.0072826080852,212.00728059435883,518.0555555555555,44.76098,0.8266344
90000,0.7558154,9.830001e-05,12.228806,267.7417692979177,267.74176900883515,662.3333333333334,46.949696,0.8458992
