{
  "name": "root",
  "gauges": [
    {
      "name": "VehicleBrain.mean_reward",
      "value": 7.0,
      "min": -85.0,
      "max": 26.833333333333332,
      "count": 12
    }
  ],
  "total": 76.219718069,
  "count": 1,
  "self": 6.894864237000547,
  "children": [
    {
      "name": "TrainerController.advance",
      "total": 69.32485383199945,
      "count": 12451,
      "self": 4.5014667519992315,
      "children": [
        {
          "name": "env_step",
          "total": 60.06128640700017,
          "count": 12451,
          "self": 54.08563278800091,
          "children": [
            {
              "name": "SubprocessEnvManager._take_step",
              "total": 5.864954539999842,
              "count": 12451,
              "self": 0.20047592099981237,
              "children": [
                {
                  "name": "PPOPolicy.evaluate",
                  "total": 5.66447861900003,
                  "count": 12451,
                  "self": 5.66447861900003
                }
              ]
            },
            {
              "name": "workers",
              "total": 0.11069907899941711,
              "count": 12450,
              "self": 0.0,
              "children": [
                {
                  "name": "worker_root",
                  "total": 75.64470143700045,
                  "count": 12450,
                  "is_parallel": true,
                  "self": 27.514841337000803,
                  "children": [
                    {
                      "name": "batched_step_result_from_proto",
                      "total": 0.0008810959999996371,
                      "count": 1,
                      "is_parallel": true,
                      "self": 0.00016898999999970243,
                      "children": [
                        {
                          "name": "_process_vector_observation",
                          "total": 0.0007121059999999346,
                          "count": 1,
                          "is_parallel": true,
                          "self": 0.0007121059999999346
                        }
                      ]
                    },
                    {
                      "name": "UnityEnvironment.step",
                      "total": 48.128979003999646,
                      "count": 12450,
                      "is_parallel": true,
                      "self": 0.7195668589993574,
                      "children": [
                        {
                          "name": "UnityEnvironment._generate_step_input",
                          "total": 0.4667844120003517,
                          "count": 12450,
                          "is_parallel": true,
                          "self": 0.4667844120003517
                        },
                        {
                          "name": "communicator.exchange",
                          "total": 45.77714251599984,
                          "count": 12450,
                          "is_parallel": true,
                          "self": 45.77714251599984
                        },
                        {
                          "name": "batched_step_result_from_proto",
                          "total": 1.1654852170000938,
                          "count": 12450,
                          "is_parallel": true,
                          "self": 0.45248019999985356,
                          "children": [
                            {
                              "name": "_process_vector_observation",
                              "total": 0.7130050170002402,
                              "count": 12450,
                              "is_parallel": true,
                              "self": 0.7130050170002402
                            }
                          ]
                        }
                      ]
                    }
                  ]
                }
              ]
            }
          ]
        },
        {
          "name": "update_policy",
          "total": 4.762100673000047,
          "count": 92,
          "self": 0.7586088130001158,
          "children": [
            {
              "name": "PPOPolicy.update",
              "total": 4.003491859999931,
              "count": 3345,
              "self": 4.003491859999931
            }
          ]
        }
      ]
    }
  ]
}