{
  "name": "root",
  "gauges": [
    {
      "name": "VehicleBrain.mean_reward",
      "value": -12.791667461395264,
      "min": -32.60000166296959,
      "max": 0.891666054725647,
      "count": 134
    }
  ],
  "total": 810.136369995,
  "count": 1,
  "self": 26.886442754986888,
  "children": [
    {
      "name": "TrainerController.advance",
      "total": 783.2499272400131,
      "count": 134117,
      "self": 52.11710498701939,
      "children": [
        {
          "name": "env_step",
          "total": 723.415178375993,
          "count": 134117,
          "self": 651.4509176659686,
          "children": [
            {
              "name": "SubprocessEnvManager._take_step",
              "total": 70.67789706701137,
              "count": 134117,
              "self": 2.2546611170044457,
              "children": [
                {
                  "name": "PPOPolicy.evaluate",
                  "total": 68.42323595000693,
                  "count": 134117,
                  "self": 68.42323595000693
                }
              ]
            },
            {
              "name": "workers",
              "total": 1.2863636430130176,
              "count": 134116,
              "self": 0.0,
              "children": [
                {
                  "name": "worker_root",
                  "total": 747.180671177992,
                  "count": 134116,
                  "is_parallel": true,
                  "self": 222.61736843899848,
                  "children": [
                    {
                      "name": "batched_step_result_from_proto",
                      "total": 0.0014704960000004874,
                      "count": 1,
                      "is_parallel": true,
                      "self": 0.0003098730000008487,
                      "children": [
                        {
                          "name": "_process_vector_observation",
                          "total": 0.0011606229999996387,
                          "count": 2,
                          "is_parallel": true,
                          "self": 0.0011606229999996387
                        }
                      ]
                    },
                    {
                      "name": "UnityEnvironment.step",
                      "total": 524.5618322429935,
                      "count": 134116,
                      "is_parallel": true,
                      "self": 8.554745487019204,
                      "children": [
                        {
                          "name": "UnityEnvironment._generate_step_input",
                          "total": 5.290732157989109,
                          "count": 134116,
                          "is_parallel": true,
                          "self": 5.290732157989109
                        },
                        {
                          "name": "communicator.exchange",
                          "total": 491.541611643999,
                          "count": 134116,
                          "is_parallel": true,
                          "self": 491.541611643999
                        },
                        {
                          "name": "batched_step_result_from_proto",
                          "total": 19.17474295398624,
                          "count": 134116,
                          "is_parallel": true,
                          "self": 5.859589316986511,
                          "children": [
                            {
                              "name": "_process_vector_observation",
                              "total": 13.315153636999728,
                              "count": 268232,
                              "is_parallel": true,
                              "self": 13.315153636999728
                            }
                          ]
                        }
                      ]
                    }
                  ]
                }
              ]
            }
          ]
        },
        {
          "name": "update_policy",
          "total": 7.717643877000665,
          "count": 992,
          "self": 7.717643877000665
        }
      ]
    }
  ]
}