{
  "name": "root",
  "gauges": [
    {
      "name": "VehicleBrain.mean_reward",
      "value": -13.975000843405724,
      "min": -42.35000188648701,
      "max": 0.2874993532896042,
      "count": 250
    }
  ],
  "total": 1415.576773973,
  "count": 1,
  "self": 48.13472650300105,
  "children": [
    {
      "name": "TrainerController.advance",
      "total": 1367.442047469999,
      "count": 250001,
      "self": 97.46359623800186,
      "children": [
        {
          "name": "env_step",
          "total": 1255.160059452995,
          "count": 250001,
          "self": 1118.8736128469975,
          "children": [
            {
              "name": "SubprocessEnvManager._take_step",
              "total": 133.89218004397637,
              "count": 250001,
              "self": 4.159154730910444,
              "children": [
                {
                  "name": "PPOPolicy.evaluate",
                  "total": 129.73302531306592,
                  "count": 250001,
                  "self": 129.73302531306592
                }
              ]
            },
            {
              "name": "workers",
              "total": 2.3942665620212527,
              "count": 250001,
              "self": 0.0,
              "children": [
                {
                  "name": "worker_root",
                  "total": 1410.4361021689585,
                  "count": 250001,
                  "is_parallel": true,
                  "self": 417.68742579795935,
                  "children": [
                    {
                      "name": "batched_step_result_from_proto",
                      "total": 0.0012551499999995386,
                      "count": 1,
                      "is_parallel": true,
                      "self": 0.00018264399999878833,
                      "children": [
                        {
                          "name": "_process_vector_observation",
                          "total": 0.0010725060000007502,
                          "count": 2,
                          "is_parallel": true,
                          "self": 0.0010725060000007502
                        }
                      ]
                    },
                    {
                      "name": "UnityEnvironment.step",
                      "total": 992.7474212209992,
                      "count": 250001,
                      "is_parallel": true,
                      "self": 15.9355883940475,
                      "children": [
                        {
                          "name": "UnityEnvironment._generate_step_input",
                          "total": 9.828293962010356,
                          "count": 250001,
                          "is_parallel": true,
                          "self": 9.828293962010356
                        },
                        {
                          "name": "communicator.exchange",
                          "total": 930.6962122459901,
                          "count": 250001,
                          "is_parallel": true,
                          "self": 930.6962122459901
                        },
                        {
                          "name": "batched_step_result_from_proto",
                          "total": 36.28732661895127,
                          "count": 250001,
                          "is_parallel": true,
                          "self": 11.267512387035914,
                          "children": [
                            {
                              "name": "_process_vector_observation",
                              "total": 25.019814231915355,
                              "count": 500002,
                              "is_parallel": true,
                              "self": 25.019814231915355
                            }
                          ]
                        }
                      ]
                    }
                  ]
                }
              ]
            }
          ]
        },
        {
          "name": "update_policy",
          "total": 14.818391779002102,
          "count": 1841,
          "self": 14.818391779002102
        }
      ]
    }
  ]
}