{
  "name": "root",
  "gauges": [
    {
      "name": "VehicleBrain.mean_reward",
      "value": -21.18500032555312,
      "min": -21.18500032555312,
      "max": -21.18500032555312,
      "count": 1
    }
  ],
  "total": 19.445678662000002,
  "count": 1,
  "self": 6.621813447000012,
  "children": [
    {
      "name": "TrainerController.advance",
      "total": 12.82386521499999,
      "count": 1167,
      "self": 0.5083300449999868,
      "children": [
        {
          "name": "env_step",
          "total": 12.248424624000005,
          "count": 1167,
          "self": 11.569116819,
          "children": [
            {
              "name": "SubprocessEnvManager._take_step",
              "total": 0.668438122000004,
              "count": 1167,
              "self": 0.019259666999989378,
              "children": [
                {
                  "name": "PPOPolicy.evaluate",
                  "total": 0.6491784550000146,
                  "count": 1167,
                  "self": 0.6491784550000146
                }
              ]
            },
            {
              "name": "workers",
              "total": 0.010869683000001906,
              "count": 1166,
              "self": 0.0,
              "children": [
                {
                  "name": "worker_root",
                  "total": 14.49314419699999,
                  "count": 1166,
                  "is_parallel": true,
                  "self": 8.11539895,
                  "children": [
                    {
                      "name": "batched_step_result_from_proto",
                      "total": 0.0018499749999998372,
                      "count": 1,
                      "is_parallel": true,
                      "self": 0.00034035100000018303,
                      "children": [
                        {
                          "name": "_process_vector_observation",
                          "total": 0.0015096239999996541,
                          "count": 2,
                          "is_parallel": true,
                          "self": 0.0015096239999996541
                        }
                      ]
                    },
                    {
                      "name": "UnityEnvironment.step",
                      "total": 6.37589527199999,
                      "count": 1166,
                      "is_parallel": true,
                      "self": 0.07351248000004684,
                      "children": [
                        {
                          "name": "UnityEnvironment._generate_step_input",
                          "total": 0.04530445300000974,
                          "count": 1166,
                          "is_parallel": true,
                          "self": 0.04530445300000974
                        },
                        {
                          "name": "communicator.exchange",
                          "total": 6.091022705999965,
                          "count": 1166,
                          "is_parallel": true,
                          "self": 6.091022705999965
                        },
                        {
                          "name": "batched_step_result_from_proto",
                          "total": 0.16605563299996895,
                          "count": 1166,
                          "is_parallel": true,
                          "self": 0.05105051399996441,
                          "children": [
                            {
                              "name": "_process_vector_observation",
                              "total": 0.11500511900000454,
                              "count": 2332,
                              "is_parallel": true,
                              "self": 0.11500511900000454
                            }
                          ]
                        }
                      ]
                    }
                  ]
                }
              ]
            }
          ]
        },
        {
          "name": "update_policy",
          "total": 0.06711054599999855,
          "count": 9,
          "self": 0.06711054599999855
        }
      ]
    }
  ]
}