{
  "name": "root",
  "gauges": [
    {
      "name": "VehicleBrain.mean_reward",
      "value": 0.0,
      "min": 0.0,
      "max": 0.9999993443489075,
      "count": 18
    }
  ],
  "total": 115.33922974500001,
  "count": 1,
  "self": 9.821618347999816,
  "children": [
    {
      "name": "demo_to_buffer",
      "total": 0.1945142880000006,
      "count": 1,
      "self": 0.0017124380000002049,
      "children": [
        {
          "name": "load_demonstration",
          "total": 0.00776185500000004,
          "count": 1,
          "self": 0.006795556000000147,
          "children": [
            {
              "name": "read_file",
              "total": 0.0009662989999998928,
              "count": 1,
              "self": 0.0009662989999998928
            }
          ]
        },
        {
          "name": "make_demo_buffer",
          "total": 0.18503999500000035,
          "count": 1,
          "self": 0.07382279700003025,
          "children": [
            {
              "name": "BrainInfo.from_agent_proto",
              "total": 0.1112171979999701,
              "count": 3898,
              "self": 0.1112171979999701
            }
          ]
        }
      ]
    },
    {
      "name": "TrainerController.advance",
      "total": 105.3230971090002,
      "count": 18984,
      "self": 7.02268394199983,
      "children": [
        {
          "name": "env_step",
          "total": 81.98806863100039,
          "count": 18984,
          "self": 72.88274128200032,
          "children": [
            {
              "name": "SubprocessEnvManager._take_step",
              "total": 8.930882111000287,
              "count": 18984,
              "self": 0.2907005090001995,
              "children": [
                {
                  "name": "PPOPolicy.evaluate",
                  "total": 8.640181602000087,
                  "count": 18984,
                  "self": 8.640181602000087
                }
              ]
            },
            {
              "name": "workers",
              "total": 0.1744452379997714,
              "count": 18983,
              "self": 0.0,
              "children": [
                {
                  "name": "worker_root",
                  "total": 114.55007391700013,
                  "count": 18983,
                  "is_parallel": true,
                  "self": 50.69103208000091,
                  "children": [
                    {
                      "name": "batched_step_result_from_proto",
                      "total": 0.0010026989999998293,
                      "count": 1,
                      "is_parallel": true,
                      "self": 0.00028388499999998373,
                      "children": [
                        {
                          "name": "_process_vector_observation",
                          "total": 0.0007188139999998455,
                          "count": 1,
                          "is_parallel": true,
                          "self": 0.0007188139999998455
                        }
                      ]
                    },
                    {
                      "name": "UnityEnvironment.step",
                      "total": 63.85803913799923,
                      "count": 18983,
                      "is_parallel": true,
                      "self": 1.0729728529985323,
                      "children": [
                        {
                          "name": "UnityEnvironment._generate_step_input",
                          "total": 0.690718513999796,
                          "count": 18983,
                          "is_parallel": true,
                          "self": 0.690718513999796
                        },
                        {
                          "name": "communicator.exchange",
                          "total": 60.3220077010004,
                          "count": 18983,
                          "is_parallel": true,
                          "self": 60.3220077010004
                        },
                        {
                          "name": "batched_step_result_from_proto",
                          "total": 1.7723400700004994,
                          "count": 18983,
                          "is_parallel": true,
                          "self": 0.686714194000249,
                          "children": [
                            {
                              "name": "_process_vector_observation",
                              "total": 1.0856258760002504,
                              "count": 18983,
                              "is_parallel": true,
                              "self": 1.0856258760002504
                            }
                          ]
                        }
                      ]
                    }
                  ]
                }
              ]
            }
          ]
        },
        {
          "name": "update_policy",
          "total": 16.312344535999983,
          "count": 145,
          "self": 1.544134027999906,
          "children": [
            {
              "name": "PPOPolicy.update",
              "total": 14.768210508000077,
              "count": 5262,
              "self": 14.768210508000077
            }
          ]
        }
      ]
    }
  ]
}