{
  "name": "root",
  "gauges": [
    {
      "name": "VehicleBrain.mean_reward",
      "value": 135.0,
      "min": 66.0,
      "max": 701.0,
      "count": 30
    }
  ],
  "total": 207.233177821,
  "count": 1,
  "self": 21.570244363001677,
  "children": [
    {
      "name": "demo_to_buffer",
      "total": 0.2051761900000031,
      "count": 1,
      "self": 0.0015852750000000526,
      "children": [
        {
          "name": "load_demonstration",
          "total": 0.006832987000002788,
          "count": 1,
          "self": 0.006201353000001575,
          "children": [
            {
              "name": "read_file",
              "total": 0.0006316340000012133,
              "count": 1,
              "self": 0.0006316340000012133
            }
          ]
        },
        {
          "name": "make_demo_buffer",
          "total": 0.19675792800000025,
          "count": 1,
          "self": 0.07802050000004712,
          "children": [
            {
              "name": "BrainInfo.from_agent_proto",
              "total": 0.11873742799995313,
              "count": 3898,
              "self": 0.11873742799995313
            }
          ]
        }
      ]
    },
    {
      "name": "TrainerController.advance",
      "total": 185.45775726799832,
      "count": 32751,
      "self": 12.85449835499628,
      "children": [
        {
          "name": "env_step",
          "total": 145.24831111800194,
          "count": 32751,
          "self": 128.75578252100112,
          "children": [
            {
              "name": "SubprocessEnvManager._take_step",
              "total": 16.17894243400224,
              "count": 32751,
              "self": 0.5392216430017918,
              "children": [
                {
                  "name": "PPOPolicy.evaluate",
                  "total": 15.63972079100045,
                  "count": 32751,
                  "self": 15.63972079100045
                }
              ]
            },
            {
              "name": "workers",
              "total": 0.31358616299856124,
              "count": 32750,
              "self": 0.0,
              "children": [
                {
                  "name": "worker_root",
                  "total": 206.167460937,
                  "count": 32750,
                  "is_parallel": true,
                  "self": 93.64666100699878,
                  "children": [
                    {
                      "name": "batched_step_result_from_proto",
                      "total": 0.0009227769999995417,
                      "count": 1,
                      "is_parallel": true,
                      "self": 0.0001854320000020948,
                      "children": [
                        {
                          "name": "_process_vector_observation",
                          "total": 0.0007373449999974468,
                          "count": 1,
                          "is_parallel": true,
                          "self": 0.0007373449999974468
                        }
                      ]
                    },
                    {
                      "name": "UnityEnvironment.step",
                      "total": 112.5198771530012,
                      "count": 32750,
                      "is_parallel": true,
                      "self": 1.9985365790015237,
                      "children": [
                        {
                          "name": "UnityEnvironment._generate_step_input",
                          "total": 1.2654105450008508,
                          "count": 32750,
                          "is_parallel": true,
                          "self": 1.2654105450008508
                        },
                        {
                          "name": "communicator.exchange",
                          "total": 106.04050146300006,
                          "count": 32750,
                          "is_parallel": true,
                          "self": 106.04050146300006
                        },
                        {
                          "name": "batched_step_result_from_proto",
                          "total": 3.2154285659987742,
                          "count": 32750,
                          "is_parallel": true,
                          "self": 1.2473285020001121,
                          "children": [
                            {
                              "name": "_process_vector_observation",
                              "total": 1.968100063998662,
                              "count": 32750,
                              "is_parallel": true,
                              "self": 1.968100063998662
                            }
                          ]
                        }
                      ]
                    }
                  ]
                }
              ]
            }
          ]
        },
        {
          "name": "update_policy",
          "total": 27.3549477950001,
          "count": 252,
          "self": 2.7926919500003535,
          "children": [
            {
              "name": "PPOPolicy.update",
              "total": 24.562255844999747,
              "count": 9189,
              "self": 24.562255844999747
            }
          ]
        }
      ]
    }
  ]
}