{
  "name": "root",
  "gauges": [
    {
      "name": "VehicleBrain.mean_reward",
      "value": -24.925000396557152,
      "min": -38.74500058684498,
      "max": -18.17333363244931,
      "count": 21
    }
  ],
  "total": 119.79214211899999,
  "count": 1,
  "self": 8.866139438000715,
  "children": [
    {
      "name": "TrainerController.advance",
      "total": 110.92600268099928,
      "count": 21184,
      "self": 7.88828313999889,
      "children": [
        {
          "name": "env_step",
          "total": 101.88640240900031,
          "count": 21184,
          "self": 90.9603052800008,
          "children": [
            {
              "name": "SubprocessEnvManager._take_step",
              "total": 10.729661137999326,
              "count": 21184,
              "self": 0.3352550369993246,
              "children": [
                {
                  "name": "PPOPolicy.evaluate",
                  "total": 10.394406101000001,
                  "count": 21184,
                  "self": 10.394406101000001
                }
              ]
            },
            {
              "name": "workers",
              "total": 0.1964359910001825,
              "count": 21183,
              "self": 0.0,
              "children": [
                {
                  "name": "worker_root",
                  "total": 119.06711686099955,
                  "count": 21183,
                  "is_parallel": true,
                  "self": 38.31584977699974,
                  "children": [
                    {
                      "name": "batched_step_result_from_proto",
                      "total": 0.0012515410000002447,
                      "count": 1,
                      "is_parallel": true,
                      "self": 0.00032165500000047587,
                      "children": [
                        {
                          "name": "_process_vector_observation",
                          "total": 0.0009298859999997688,
                          "count": 1,
                          "is_parallel": true,
                          "self": 0.0009298859999997688
                        }
                      ]
                    },
                    {
                      "name": "UnityEnvironment.step",
                      "total": 80.7500155429998,
                      "count": 21183,
                      "is_parallel": true,
                      "self": 1.2063787809998274,
                      "children": [
                        {
                          "name": "UnityEnvironment._generate_step_input",
                          "total": 0.7715252080005239,
                          "count": 21183,
                          "is_parallel": true,
                          "self": 0.7715252080005239
                        },
                        {
                          "name": "communicator.exchange",
                          "total": 76.76715939399979,
                          "count": 21183,
                          "is_parallel": true,
                          "self": 76.76715939399979
                        },
                        {
                          "name": "batched_step_result_from_proto",
                          "total": 2.0049521599996663,
                          "count": 21183,
                          "is_parallel": true,
                          "self": 0.7782582929997641,
                          "children": [
                            {
                              "name": "_process_vector_observation",
                              "total": 1.2266938669999021,
                              "count": 21183,
                              "is_parallel": true,
                              "self": 1.2266938669999021
                            }
                          ]
                        }
                      ]
                    }
                  ]
                }
              ]
            }
          ]
        },
        {
          "name": "update_policy",
          "total": 1.1513171320000684,
          "count": 154,
          "self": 1.1513171320000684
        }
      ]
    }
  ]
}