{
  "name": "root",
  "total": 2.03428241,
  "count": 1,
  "self": 2.03428241
}