{
  "name": "root",
  "gauges": [
    {
      "name": "VehicleBrain.mean_reward",
      "value": 1.1666659116744995,
      "min": 0.0,
      "max": 3.353330612182617,
      "count": 131
    }
  ],
  "total": 784.19518538,
  "count": 1,
  "self": 30.0930236030174,
  "children": [
    {
      "name": "TrainerController.advance",
      "total": 754.1021617769826,
      "count": 131173,
      "self": 47.85555893997116,
      "children": [
        {
          "name": "env_step",
          "total": 653.8505088730122,
          "count": 131173,
          "self": 590.5564555260275,
          "children": [
            {
              "name": "SubprocessEnvManager._take_step",
              "total": 62.084973471982764,
              "count": 131173,
              "self": 2.0916477969727936,
              "children": [
                {
                  "name": "PPOPolicy.evaluate",
                  "total": 59.99332567500997,
                  "count": 131173,
                  "self": 59.99332567500997
                }
              ]
            },
            {
              "name": "workers",
              "total": 1.2090798750019207,
              "count": 131172,
              "self": 0.0,
              "children": [
                {
                  "name": "worker_root",
                  "total": 781.5091876509978,
                  "count": 131172,
                  "is_parallel": true,
                  "self": 253.48475301301676,
                  "children": [
                    {
                      "name": "batched_step_result_from_proto",
                      "total": 0.001714224999998848,
                      "count": 1,
                      "is_parallel": true,
                      "self": 0.0005960799999993327,
                      "children": [
                        {
                          "name": "_process_vector_observation",
                          "total": 0.0011181449999995152,
                          "count": 1,
                          "is_parallel": true,
                          "self": 0.0011181449999995152
                        }
                      ]
                    },
                    {
                      "name": "UnityEnvironment.step",
                      "total": 528.022720412981,
                      "count": 131172,
                      "is_parallel": true,
                      "self": 7.5560165309234435,
                      "children": [
                        {
                          "name": "UnityEnvironment._generate_step_input",
                          "total": 4.788734684024412,
                          "count": 131172,
                          "is_parallel": true,
                          "self": 4.788734684024412
                        },
                        {
                          "name": "communicator.exchange",
                          "total": 503.29045935302616,
                          "count": 131172,
                          "is_parallel": true,
                          "self": 503.29045935302616
                        },
                        {
                          "name": "batched_step_result_from_proto",
                          "total": 12.38750984500697,
                          "count": 131172,
                          "is_parallel": true,
                          "self": 4.772635457021348,
                          "children": [
                            {
                              "name": "_process_vector_observation",
                              "total": 7.614874387985623,
                              "count": 131172,
                              "is_parallel": true,
                              "self": 7.614874387985623
                            }
                          ]
                        }
                      ]
                    }
                  ]
                }
              ]
            }
          ]
        },
        {
          "name": "update_policy",
          "total": 52.396093963999206,
          "count": 986,
          "self": 8.499550511002376,
          "children": [
            {
              "name": "PPOPolicy.update",
              "total": 43.89654345299683,
              "count": 37059,
              "self": 43.89654345299683
            }
          ]
        }
      ]
    }
  ]
}