{
  "name": "root",
  "gauges": [
    {
      "name": "VehicleBrain.mean_reward",
      "value": 0.0,
      "min": 0.0,
      "max": 3.654998779296875,
      "count": 26
    }
  ],
  "total": 187.96661290999998,
  "count": 1,
  "self": 12.060972654999802,
  "children": [
    {
      "name": "demo_to_buffer",
      "total": 0.20223292600000065,
      "count": 1,
      "self": 0.0015944180000015962,
      "children": [
        {
          "name": "load_demonstration",
          "total": 0.007405696999999378,
          "count": 1,
          "self": 0.0063970629999996476,
          "children": [
            {
              "name": "read_file",
              "total": 0.0010086339999997307,
              "count": 1,
              "self": 0.0010086339999997307
            }
          ]
        },
        {
          "name": "make_demo_buffer",
          "total": 0.19323281099999967,
          "count": 1,
          "self": 0.07613358599997966,
          "children": [
            {
              "name": "BrainInfo.from_agent_proto",
              "total": 0.11709922500002001,
              "count": 3898,
              "self": 0.11709922500002001
            }
          ]
        }
      ]
    },
    {
      "name": "TrainerController.advance",
      "total": 175.70340732900019,
      "count": 26784,
      "self": 9.803471861998844,
      "children": [
        {
          "name": "env_step",
          "total": 143.63146815200162,
          "count": 26784,
          "self": 131.0514020990039,
          "children": [
            {
              "name": "SubprocessEnvManager._take_step",
              "total": 12.330960529999924,
              "count": 26784,
              "self": 0.4139159549982523,
              "children": [
                {
                  "name": "PPOPolicy.evaluate",
                  "total": 11.917044575001672,
                  "count": 26784,
                  "self": 11.917044575001672
                }
              ]
            },
            {
              "name": "workers",
              "total": 0.2491055229978123,
              "count": 26783,
              "self": 0.0,
              "children": [
                {
                  "name": "worker_root",
                  "total": 186.99191026000128,
                  "count": 26783,
                  "is_parallel": true,
                  "self": 68.6588539560014,
                  "children": [
                    {
                      "name": "batched_step_result_from_proto",
                      "total": 0.0014630460000013557,
                      "count": 1,
                      "is_parallel": true,
                      "self": 0.0004163520000020071,
                      "children": [
                        {
                          "name": "_process_vector_observation",
                          "total": 0.0010466939999993485,
                          "count": 1,
                          "is_parallel": true,
                          "self": 0.0010466939999993485
                        }
                      ]
                    },
                    {
                      "name": "UnityEnvironment.step",
                      "total": 118.33159325799988,
                      "count": 26783,
                      "is_parallel": true,
                      "self": 1.5116627790040553,
                      "children": [
                        {
                          "name": "UnityEnvironment._generate_step_input",
                          "total": 0.9604126759997982,
                          "count": 26783,
                          "is_parallel": true,
                          "self": 0.9604126759997982
                        },
                        {
                          "name": "communicator.exchange",
                          "total": 113.38974216199772,
                          "count": 26783,
                          "is_parallel": true,
                          "self": 113.38974216199772
                        },
                        {
                          "name": "batched_step_result_from_proto",
                          "total": 2.4697756409983214,
                          "count": 26783,
                          "is_parallel": true,
                          "self": 0.9625177429991361,
                          "children": [
                            {
                              "name": "_process_vector_observation",
                              "total": 1.5072578979991853,
                              "count": 26783,
                              "is_parallel": true,
                              "self": 1.5072578979991853
                            }
                          ]
                        }
                      ]
                    }
                  ]
                }
              ]
            }
          ]
        },
        {
          "name": "update_policy",
          "total": 22.268467314999715,
          "count": 198,
          "self": 2.097096288999847,
          "children": [
            {
              "name": "PPOPolicy.update",
              "total": 20.171371025999868,
              "count": 7305,
              "self": 20.171371025999868
            }
          ]
        }
      ]
    }
  ]
}