{
  "name": "root",
  "gauges": [
    {
      "name": "VehicleBrain.mean_reward",
      "value": 146.0,
      "min": 95.66666666666667,
      "max": 171.4,
      "count": 43
    }
  ],
  "total": 665.472079466,
  "count": 1,
  "self": 13.54037145400116,
  "children": [
    {
      "name": "demo_to_buffer",
      "total": 0.19375311399999973,
      "count": 1,
      "self": 0.0015465839999988518,
      "children": [
        {
          "name": "load_demonstration",
          "total": 0.010132706000000269,
          "count": 1,
          "self": 0.009038159000000157,
          "children": [
            {
              "name": "read_file",
              "total": 0.0010945470000001123,
              "count": 1,
              "self": 0.0010945470000001123
            }
          ]
        },
        {
          "name": "make_demo_buffer",
          "total": 0.1820738240000006,
          "count": 1,
          "self": 0.07215508099999202,
          "children": [
            {
              "name": "BrainInfo.from_agent_proto",
              "total": 0.10991874300000859,
              "count": 3898,
              "self": 0.10991874300000859
            }
          ]
        }
      ]
    },
    {
      "name": "TrainerController.advance",
      "total": 651.7379548979989,
      "count": 43884,
      "self": 19.104666544995553,
      "children": [
        {
          "name": "env_step",
          "total": 594.495780803004,
          "count": 43884,
          "self": 571.9235130890122,
          "children": [
            {
              "name": "SubprocessEnvManager._take_step",
              "total": 22.12270022499441,
              "count": 43884,
              "self": 0.7220026659983532,
              "children": [
                {
                  "name": "PPOPolicy.evaluate",
                  "total": 21.400697558996058,
                  "count": 43884,
                  "self": 21.400697558996058
                }
              ]
            },
            {
              "name": "workers",
              "total": 0.4495674889973822,
              "count": 43883,
              "self": 0.0,
              "children": [
                {
                  "name": "worker_root",
                  "total": 664.1284945659883,
                  "count": 43883,
                  "is_parallel": true,
                  "self": 114.36909773198374,
                  "children": [
                    {
                      "name": "batched_step_result_from_proto",
                      "total": 0.0008883229999998576,
                      "count": 1,
                      "is_parallel": true,
                      "self": 0.00019757799999986503,
                      "children": [
                        {
                          "name": "_process_vector_observation",
                          "total": 0.0006907449999999926,
                          "count": 1,
                          "is_parallel": true,
                          "self": 0.0006907449999999926
                        }
                      ]
                    },
                    {
                      "name": "UnityEnvironment.step",
                      "total": 549.7585085110045,
                      "count": 43883,
                      "is_parallel": true,
                      "self": 2.741685821004012,
                      "children": [
                        {
                          "name": "UnityEnvironment._generate_step_input",
                          "total": 1.7471115210068815,
                          "count": 43883,
                          "is_parallel": true,
                          "self": 1.7471115210068815
                        },
                        {
                          "name": "communicator.exchange",
                          "total": 540.6142112839901,
                          "count": 43883,
                          "is_parallel": true,
                          "self": 540.6142112839901
                        },
                        {
                          "name": "batched_step_result_from_proto",
                          "total": 4.655499885003424,
                          "count": 43883,
                          "is_parallel": true,
                          "self": 1.67054607000152,
                          "children": [
                            {
                              "name": "_process_vector_observation",
                              "total": 2.984953815001904,
                              "count": 43883,
                              "is_parallel": true,
                              "self": 2.984953815001904
                            }
                          ]
                        }
                      ]
                    }
                  ]
                }
              ]
            }
          ]
        },
        {
          "name": "update_policy",
          "total": 38.137507549999384,
          "count": 331,
          "self": 3.4989723160034174,
          "children": [
            {
              "name": "PPOPolicy.update",
              "total": 34.63853523399597,
              "count": 12078,
              "self": 34.63853523399597
            }
          ]
        }
      ]
    }
  ]
}