{
  "name": "root",
  "gauges": [
    {
      "name": "VehicleBrain.mean_reward",
      "value": 0.0,
      "min": 0.0,
      "max": 1.5849987268447876,
      "count": 6
    }
  ],
  "total": 61.668305959,
  "count": 1,
  "self": 9.395328407999898,
  "children": [
    {
      "name": "demo_to_buffer",
      "total": 0.19049383800000008,
      "count": 1,
      "self": 0.001555182000000599,
      "children": [
        {
          "name": "load_demonstration",
          "total": 0.0070008900000004815,
          "count": 1,
          "self": 0.0060456800000014965,
          "children": [
            {
              "name": "read_file",
              "total": 0.0009552099999989849,
              "count": 1,
              "self": 0.0009552099999989849
            }
          ]
        },
        {
          "name": "make_demo_buffer",
          "total": 0.181937765999999,
          "count": 1,
          "self": 0.07149470400000801,
          "children": [
            {
              "name": "BrainInfo.from_agent_proto",
              "total": 0.11044306199999099,
              "count": 3898,
              "self": 0.11044306199999099
            }
          ]
        }
      ]
    },
    {
      "name": "TrainerController.advance",
      "total": 52.0824837130001,
      "count": 8001,
      "self": 3.1121884349998226,
      "children": [
        {
          "name": "env_step",
          "total": 41.99114254700029,
          "count": 8001,
          "self": 38.11780399900016,
          "children": [
            {
              "name": "SubprocessEnvManager._take_step",
              "total": 3.7978346860003196,
              "count": 8001,
              "self": 0.12723863500048793,
              "children": [
                {
                  "name": "PPOPolicy.evaluate",
                  "total": 3.6705960509998317,
                  "count": 8001,
                  "self": 3.6705960509998317
                }
              ]
            },
            {
              "name": "workers",
              "total": 0.07550386199980608,
              "count": 8000,
              "self": 0.0,
              "children": [
                {
                  "name": "worker_root",
                  "total": 61.058758440000084,
                  "count": 8000,
                  "is_parallel": true,
                  "self": 26.749030323000433,
                  "children": [
                    {
                      "name": "batched_step_result_from_proto",
                      "total": 0.0011510310000009127,
                      "count": 1,
                      "is_parallel": true,
                      "self": 0.0002924130000021563,
                      "children": [
                        {
                          "name": "_process_vector_observation",
                          "total": 0.0008586179999987564,
                          "count": 1,
                          "is_parallel": true,
                          "self": 0.0008586179999987564
                        }
                      ]
                    },
                    {
                      "name": "UnityEnvironment.step",
                      "total": 34.30857708599965,
                      "count": 8000,
                      "is_parallel": true,
                      "self": 0.4584635859999793,
                      "children": [
                        {
                          "name": "UnityEnvironment._generate_step_input",
                          "total": 0.2928528979995555,
                          "count": 8000,
                          "is_parallel": true,
                          "self": 0.2928528979995555
                        },
                        {
                          "name": "communicator.exchange",
                          "total": 32.79643483000017,
                          "count": 8000,
                          "is_parallel": true,
                          "self": 32.79643483000017
                        },
                        {
                          "name": "batched_step_result_from_proto",
                          "total": 0.7608257719999401,
                          "count": 8000,
                          "is_parallel": true,
                          "self": 0.28957498500001044,
                          "children": [
                            {
                              "name": "_process_vector_observation",
                              "total": 0.4712507869999296,
                              "count": 8000,
                              "is_parallel": true,
                              "self": 0.4712507869999296
                            }
                          ]
                        }
                      ]
                    }
                  ]
                }
              ]
            }
          ]
        },
        {
          "name": "update_policy",
          "total": 6.979152730999994,
          "count": 60,
          "self": 0.6378250899998328,
          "children": [
            {
              "name": "PPOPolicy.update",
              "total": 6.341327641000161,
              "count": 2199,
              "self": 6.341327641000161
            }
          ]
        }
      ]
    }
  ]
}