{
  "name": "root",
  "gauges": [
    {
      "name": "VehicleBrain.mean_reward",
      "value": 218.30000449717045,
      "min": 128.26666965087256,
      "max": 218.30000449717045,
      "count": 10
    }
  ],
  "total": 61.898224072999994,
  "count": 1,
  "self": 7.230082668999792,
  "children": [
    {
      "name": "TrainerController.advance",
      "total": 54.6681414040002,
      "count": 10167,
      "self": 3.824655328000418,
      "children": [
        {
          "name": "env_step",
          "total": 50.26137055399978,
          "count": 10167,
          "self": 44.99068572399967,
          "children": [
            {
              "name": "SubprocessEnvManager._take_step",
              "total": 5.177746741000472,
              "count": 10167,
              "self": 0.16456352400017504,
              "children": [
                {
                  "name": "PPOPolicy.evaluate",
                  "total": 5.013183217000297,
                  "count": 10167,
                  "self": 5.013183217000297
                }
              ]
            },
            {
              "name": "workers",
              "total": 0.09293808899964517,
              "count": 10166,
              "self": 0.0,
              "children": [
                {
                  "name": "worker_root",
                  "total": 61.28912218700001,
                  "count": 10166,
                  "is_parallel": true,
                  "self": 21.31669778399997,
                  "children": [
                    {
                      "name": "batched_step_result_from_proto",
                      "total": 0.0018462169999997613,
                      "count": 1,
                      "is_parallel": true,
                      "self": 0.0004905049999992528,
                      "children": [
                        {
                          "name": "_process_vector_observation",
                          "total": 0.0013557120000005085,
                          "count": 1,
                          "is_parallel": true,
                          "self": 0.0013557120000005085
                        }
                      ]
                    },
                    {
                      "name": "UnityEnvironment.step",
                      "total": 39.97057818600004,
                      "count": 10166,
                      "is_parallel": true,
                      "self": 0.5966214190007264,
                      "children": [
                        {
                          "name": "UnityEnvironment._generate_step_input",
                          "total": 0.3865670469996161,
                          "count": 10166,
                          "is_parallel": true,
                          "self": 0.3865670469996161
                        },
                        {
                          "name": "communicator.exchange",
                          "total": 38.00869458599995,
                          "count": 10166,
                          "is_parallel": true,
                          "self": 38.00869458599995
                        },
                        {
                          "name": "batched_step_result_from_proto",
                          "total": 0.9786951339997492,
                          "count": 10166,
                          "is_parallel": true,
                          "self": 0.3722214070000156,
                          "children": [
                            {
                              "name": "_process_vector_observation",
                              "total": 0.6064737269997336,
                              "count": 10166,
                              "is_parallel": true,
                              "self": 0.6064737269997336
                            }
                          ]
                        }
                      ]
                    }
                  ]
                }
              ]
            }
          ]
        },
        {
          "name": "update_policy",
          "total": 0.582115522000004,
          "count": 74,
          "self": 0.582115522000004
        }
      ]
    }
  ]
}