{
  "name": "root",
  "gauges": [
    {
      "name": "VehicleBrain.mean_reward",
      "value": 0.0,
      "min": 0.0,
      "max": 3.3466639518737793,
      "count": 250
    }
  ],
  "total": 1464.560443249,
  "count": 1,
  "self": 47.77948008500198,
  "children": [
    {
      "name": "TrainerController.advance",
      "total": 1416.780963163998,
      "count": 250001,
      "self": 89.81229947700172,
      "children": [
        {
          "name": "env_step",
          "total": 1230.903368548997,
          "count": 250001,
          "self": 1112.97085061194,
          "children": [
            {
              "name": "SubprocessEnvManager._take_step",
              "total": 115.65287805602884,
              "count": 250001,
              "self": 3.9410691150498423,
              "children": [
                {
                  "name": "PPOPolicy.evaluate",
                  "total": 111.711808940979,
                  "count": 250001,
                  "self": 111.711808940979
                }
              ]
            },
            {
              "name": "workers",
              "total": 2.279639881028011,
              "count": 250001,
              "self": 0.0,
              "children": [
                {
                  "name": "worker_root",
                  "total": 1459.840055046026,
                  "count": 250001,
                  "is_parallel": true,
                  "self": 465.233820265025,
                  "children": [
                    {
                      "name": "batched_step_result_from_proto",
                      "total": 0.001526270000001162,
                      "count": 1,
                      "is_parallel": true,
                      "self": 0.00032185100000070577,
                      "children": [
                        {
                          "name": "_process_vector_observation",
                          "total": 0.0012044190000004562,
                          "count": 1,
                          "is_parallel": true,
                          "self": 0.0012044190000004562
                        }
                      ]
                    },
                    {
                      "name": "UnityEnvironment.step",
                      "total": 994.604708511001,
                      "count": 250001,
                      "is_parallel": true,
                      "self": 14.517437650982174,
                      "children": [
                        {
                          "name": "UnityEnvironment._generate_step_input",
                          "total": 9.310630182044735,
                          "count": 250001,
                          "is_parallel": true,
                          "self": 9.310630182044735
                        },
                        {
                          "name": "communicator.exchange",
                          "total": 947.582829885996,
                          "count": 250001,
                          "is_parallel": true,
                          "self": 947.582829885996
                        },
                        {
                          "name": "batched_step_result_from_proto",
                          "total": 23.193810791978088,
                          "count": 250001,
                          "is_parallel": true,
                          "self": 8.956302430932844,
                          "children": [
                            {
                              "name": "_process_vector_observation",
                              "total": 14.237508361045244,
                              "count": 250001,
                              "is_parallel": true,
                              "self": 14.237508361045244
                            }
                          ]
                        }
                      ]
                    }
                  ]
                }
              ]
            }
          ]
        },
        {
          "name": "update_policy",
          "total": 96.06529513799939,
          "count": 1788,
          "self": 15.761420703013613,
          "children": [
            {
              "name": "PPOPolicy.update",
              "total": 80.30387443498577,
              "count": 69216,
              "self": 80.30387443498577
            }
          ]
        }
      ]
    }
  ]
}