{
  "name": "root",
  "total": 4.549199366,
  "count": 1,
  "self": 4.549199366
}