Steps,Policy/Entropy,Policy/Learning Rate,Policy/Extrinsic Value Estimate,Policy/Extrinsic Reward,Environment/Cumulative Reward,Environment/Episode Length
10000,1.4189383,0.00029400064,1.0816851,345.5473804920912,345.54737945459783,2117.25
20000,1.4189383,0.0002820006,1.0979378,281.12087988853455,281.12088272124527,2146.4
30000,1.4189383,0.00027000063,1.1130025,201.7656072974205,201.76560923084617,2121.0
40000,1.4189383,0.00025800063,1.0856674,73.395339012146,73.39533954672515,2379.25
50000,1.4189383,0.00024600068,1.154491,73.71490532159805,73.7149025183171,2436.75
60000,1.4189383,0.00023400063,1.0475011,333.25606813430784,333.2560750678182,2225.2
