Steps,Policy/Entropy,Policy/Learning Rate,Policy/Extrinsic Value Estimate,Policy/Extrinsic Reward,Environment/Cumulative Reward,Environment/Episode Length
10000,1.4189383,0.00029400064,-0.14419149,226.27557969093323,226.2755755111575,3553.0
20000,1.4189383,0.0002820006,-0.13000636,335.08702917099,335.0870277538896,2349.8
30000,1.4189383,0.00027000063,-0.112999864,24.076850255330402,24.076845467090607,2844.3333333333335
40000,1.4189383,0.00025800063,-0.19285297,267.88435822725296,267.8843668811023,2797.5
50000,1.4189383,0.00024600068,-0.23986454,-43.18211110432943,-43.18211084107558,2975.3333333333335
60000,1.4189383,0.00023400063,-0.13579418,281.7600647211075,281.76006553694606,2424.5
70000,1.4189383,0.00022200064,-0.1116238,55.07954716682434,55.079540614038706,2551.75
