{
  "name": "root",
  "gauges": [
    {
      "name": "VehicleBrain.mean_reward",
      "value": 55.079540614038706,
      "min": -43.18211084107558,
      "max": 335.0870277538896,
      "count": 7
    }
  ],
  "total": 330.09339359800003,
  "count": 1,
  "self": 26.8302280360013,
  "children": [
    {
      "name": "TrainerController.advance",
      "total": 303.26316556199873,
      "count": 77508,
      "self": 27.079846772999645,
      "children": [
        {
          "name": "env_step",
          "total": 271.73852903199855,
          "count": 77508,
          "self": 235.79022095499602,
          "children": [
            {
              "name": "SubprocessEnvManager._take_step",
              "total": 35.236860276000996,
              "count": 77508,
              "self": 1.1956568470049973,
              "children": [
                {
                  "name": "PPOPolicy.evaluate",
                  "total": 34.041203428996,
                  "count": 77508,
                  "self": 34.041203428996
                }
              ]
            },
            {
              "name": "workers",
              "total": 0.7114478010015404,
              "count": 77507,
              "self": 0.0,
              "children": [
                {
                  "name": "worker_root",
                  "total": 328.56494260899376,
                  "count": 77507,
                  "is_parallel": true,
                  "self": 128.1362014899971,
                  "children": [
                    {
                      "name": "batched_step_result_from_proto",
                      "total": 0.0011008610000011743,
                      "count": 1,
                      "is_parallel": true,
                      "self": 0.00025751600000134545,
                      "children": [
                        {
                          "name": "_process_vector_observation",
                          "total": 0.0008433449999998288,
                          "count": 1,
                          "is_parallel": true,
                          "self": 0.0008433449999998288
                        }
                      ]
                    },
                    {
                      "name": "UnityEnvironment.step",
                      "total": 200.42764025799667,
                      "count": 77507,
                      "is_parallel": true,
                      "self": 4.398354633995353,
                      "children": [
                        {
                          "name": "UnityEnvironment._generate_step_input",
                          "total": 2.815510700002573,
                          "count": 77507,
                          "is_parallel": true,
                          "self": 2.815510700002573
                        },
                        {
                          "name": "communicator.exchange",
                          "total": 186.1209247099999,
                          "count": 77507,
                          "is_parallel": true,
                          "self": 186.1209247099999
                        },
                        {
                          "name": "batched_step_result_from_proto",
                          "total": 7.092850213998858,
                          "count": 77507,
                          "is_parallel": true,
                          "self": 2.7620514499982427,
                          "children": [
                            {
                              "name": "_process_vector_observation",
                              "total": 4.330798764000615,
                              "count": 77507,
                              "is_parallel": true,
                              "self": 4.330798764000615
                            }
                          ]
                        }
                      ]
                    }
                  ]
                }
              ]
            }
          ]
        },
        {
          "name": "update_policy",
          "total": 4.444789757000539,
          "count": 602,
          "self": 4.444789757000539
        }
      ]
    }
  ]
}