{
  "name": "root",
  "total": 47.241135426,
  "count": 1,
  "self": 5.742785989000012,
  "children": [
    {
      "name": "TrainerController.advance",
      "total": 41.49834943699999,
      "count": 922,
      "self": 0.5508797550000608,
      "children": [
        {
          "name": "env_step",
          "total": 40.89858473799993,
          "count": 922,
          "self": 40.37364265899991,
          "children": [
            {
              "name": "SubprocessEnvManager._take_step",
              "total": 0.514427725000064,
              "count": 922,
              "self": 0.01699988100017169,
              "children": [
                {
                  "name": "PPOPolicy.evaluate",
                  "total": 0.49742784399989226,
                  "count": 922,
                  "self": 0.49742784399989226
                }
              ]
            },
            {
              "name": "workers",
              "total": 0.010514353999957038,
              "count": 921,
              "self": 0.0,
              "children": [
                {
                  "name": "worker_root",
                  "total": 46.917194489999936,
                  "count": 921,
                  "is_parallel": true,
                  "self": 7.075904293999969,
                  "children": [
                    {
                      "name": "batched_step_result_from_proto",
                      "total": 0.0007207369999999713,
                      "count": 1,
                      "is_parallel": true,
                      "self": 0.00018016299999956686,
                      "children": [
                        {
                          "name": "_process_vector_observation",
                          "total": 0.0005405740000004045,
                          "count": 1,
                          "is_parallel": true,
                          "self": 0.0005405740000004045
                        }
                      ]
                    },
                    {
                      "name": "UnityEnvironment.step",
                      "total": 39.840569458999965,
                      "count": 921,
                      "is_parallel": true,
                      "self": 0.06964734799991845,
                      "children": [
                        {
                          "name": "UnityEnvironment._generate_step_input",
                          "total": 0.04046017799993784,
                          "count": 921,
                          "is_parallel": true,
                          "self": 0.04046017799993784
                        },
                        {
                          "name": "communicator.exchange",
                          "total": 39.60933853100008,
                          "count": 921,
                          "is_parallel": true,
                          "self": 39.60933853100008
                        },
                        {
                          "name": "batched_step_result_from_proto",
                          "total": 0.12112340200003047,
                          "count": 921,
                          "is_parallel": true,
                          "self": 0.04053820799997432,
                          "children": [
                            {
                              "name": "_process_vector_observation",
                              "total": 0.08058519400005615,
                              "count": 921,
                              "is_parallel": true,
                              "self": 0.08058519400005615
                            }
                          ]
                        }
                      ]
                    }
                  ]
                }
              ]
            }
          ]
        },
        {
          "name": "update_policy",
          "total": 0.04888494399999388,
          "count": 7,
          "self": 0.04888494399999388
        }
      ]
    }
  ]
}