{
  "name": "root",
  "gauges": [
    {
      "name": "VehicleBrain.mean_reward",
      "value": 23.92137588132569,
      "min": 19.748092103283852,
      "max": 31.595682231088478,
      "count": 7
    }
  ],
  "total": 747.187500169,
  "count": 1,
  "self": 19.58772477099751,
  "children": [
    {
      "name": "TrainerController.advance",
      "total": 727.5997753980025,
      "count": 71106,
      "self": 29.979247780003107,
      "children": [
        {
          "name": "env_step",
          "total": 693.3287975469987,
          "count": 71106,
          "self": 656.6138823519965,
          "children": [
            {
              "name": "SubprocessEnvManager._take_step",
              "total": 35.96973416000077,
              "count": 71106,
              "self": 1.214838641998,
              "children": [
                {
                  "name": "PPOPolicy.evaluate",
                  "total": 34.75489551800277,
                  "count": 71106,
                  "self": 34.75489551800277
                }
              ]
            },
            {
              "name": "workers",
              "total": 0.7451810350013748,
              "count": 71105,
              "self": 0.0,
              "children": [
                {
                  "name": "worker_root",
                  "total": 745.4908316969919,
                  "count": 71105,
                  "is_parallel": true,
                  "self": 125.63227945299957,
                  "children": [
                    {
                      "name": "batched_step_result_from_proto",
                      "total": 0.0010384460000008033,
                      "count": 1,
                      "is_parallel": true,
                      "self": 0.00022201000000166005,
                      "children": [
                        {
                          "name": "_process_vector_observation",
                          "total": 0.0008164359999991433,
                          "count": 1,
                          "is_parallel": true,
                          "self": 0.0008164359999991433
                        }
                      ]
                    },
                    {
                      "name": "UnityEnvironment.step",
                      "total": 619.8575137979923,
                      "count": 71105,
                      "is_parallel": true,
                      "self": 4.655141375975404,
                      "children": [
                        {
                          "name": "UnityEnvironment._generate_step_input",
                          "total": 2.877775861997069,
                          "count": 71105,
                          "is_parallel": true,
                          "self": 2.877775861997069
                        },
                        {
                          "name": "communicator.exchange",
                          "total": 604.5631305680171,
                          "count": 71105,
                          "is_parallel": true,
                          "self": 604.5631305680171
                        },
                        {
                          "name": "batched_step_result_from_proto",
                          "total": 7.761465992002725,
                          "count": 71105,
                          "is_parallel": true,
                          "self": 2.8749541020145397,
                          "children": [
                            {
                              "name": "_process_vector_observation",
                              "total": 4.886511889988185,
                              "count": 71105,
                              "is_parallel": true,
                              "self": 4.886511889988185
                            }
                          ]
                        }
                      ]
                    }
                  ]
                }
              ]
            }
          ]
        },
        {
          "name": "update_policy",
          "total": 4.291730071000773,
          "count": 533,
          "self": 4.291730071000773
        }
      ]
    }
  ]
}