{
  "name": "root",
  "total": 174.230771662,
  "count": 1,
  "self": 15.715479173000801,
  "children": [
    {
      "name": "TrainerController.advance",
      "total": 158.5152924889992,
      "count": 8928,
      "self": 4.151818156999354,
      "children": [
        {
          "name": "env_step",
          "total": 153.84745601299994,
          "count": 8928,
          "self": 149.23446452799885,
          "children": [
            {
              "name": "SubprocessEnvManager._take_step",
              "total": 4.512339440000629,
              "count": 8928,
              "self": 0.16191750000052885,
              "children": [
                {
                  "name": "PPOPolicy.evaluate",
                  "total": 4.3504219400001,
                  "count": 8928,
                  "self": 4.3504219400001
                }
              ]
            },
            {
              "name": "workers",
              "total": 0.10065204500047464,
              "count": 8927,
              "self": 0.0,
              "children": [
                {
                  "name": "worker_root",
                  "total": 173.78383732900005,
                  "count": 8927,
                  "is_parallel": true,
                  "self": 29.261879858999066,
                  "children": [
                    {
                      "name": "batched_step_result_from_proto",
                      "total": 0.0012187619999988186,
                      "count": 1,
                      "is_parallel": true,
                      "self": 0.000308719999999596,
                      "children": [
                        {
                          "name": "_process_vector_observation",
                          "total": 0.0009100419999992226,
                          "count": 1,
                          "is_parallel": true,
                          "self": 0.0009100419999992226
                        }
                      ]
                    },
                    {
                      "name": "UnityEnvironment.step",
                      "total": 144.52073870800098,
                      "count": 8927,
                      "is_parallel": true,
                      "self": 0.6229522949999193,
                      "children": [
                        {
                          "name": "UnityEnvironment._generate_step_input",
                          "total": 0.3792362910014653,
                          "count": 8927,
                          "is_parallel": true,
                          "self": 0.3792362910014653
                        },
                        {
                          "name": "communicator.exchange",
                          "total": 142.4486495479987,
                          "count": 8927,
                          "is_parallel": true,
                          "self": 142.4486495479987
                        },
                        {
                          "name": "batched_step_result_from_proto",
                          "total": 1.0699005740008918,
                          "count": 8927,
                          "is_parallel": true,
                          "self": 0.37641779000035136,
                          "children": [
                            {
                              "name": "_process_vector_observation",
                              "total": 0.6934827840005404,
                              "count": 8927,
                              "is_parallel": true,
                              "self": 0.6934827840005404
                            }
                          ]
                        }
                      ]
                    }
                  ]
                }
              ]
            }
          ]
        },
        {
          "name": "update_policy",
          "total": 0.5160183189999046,
          "count": 67,
          "self": 0.5160183189999046
        }
      ]
    }
  ]
}