{
  "name": "root",
  "gauges": [
    {
      "name": "VehicleBrain.mean_reward",
      "value": 18.801811371929944,
      "min": 5.382234632968903,
      "max": 39.71903135478497,
      "count": 32
    }
  ],
  "total": 455.955938062,
  "count": 1,
  "self": 11.708428550998235,
  "children": [
    {
      "name": "TrainerController.advance",
      "total": 444.24750951100174,
      "count": 32078,
      "self": 14.226016008005672,
      "children": [
        {
          "name": "env_step",
          "total": 428.12301585199594,
          "count": 32078,
          "self": 411.35787064599174,
          "children": [
            {
              "name": "SubprocessEnvManager._take_step",
              "total": 16.421604386001658,
              "count": 32078,
              "self": 0.575305579999073,
              "children": [
                {
                  "name": "PPOPolicy.evaluate",
                  "total": 15.846298806002585,
                  "count": 32078,
                  "self": 15.846298806002585
                }
              ]
            },
            {
              "name": "workers",
              "total": 0.3435408200025538,
              "count": 32077,
              "self": 0.0,
              "children": [
                {
                  "name": "worker_root",
                  "total": 455.02335364100105,
                  "count": 32077,
                  "is_parallel": true,
                  "self": 60.52791306800276,
                  "children": [
                    {
                      "name": "batched_step_result_from_proto",
                      "total": 0.0012004729999999242,
                      "count": 1,
                      "is_parallel": true,
                      "self": 0.00022106700000001922,
                      "children": [
                        {
                          "name": "_process_vector_observation",
                          "total": 0.000979405999999905,
                          "count": 1,
                          "is_parallel": true,
                          "self": 0.000979405999999905
                        }
                      ]
                    },
                    {
                      "name": "UnityEnvironment.step",
                      "total": 394.4942400999983,
                      "count": 32077,
                      "is_parallel": true,
                      "self": 2.1465092820026257,
                      "children": [
                        {
                          "name": "UnityEnvironment._generate_step_input",
                          "total": 1.3359645829981952,
                          "count": 32077,
                          "is_parallel": true,
                          "self": 1.3359645829981952
                        },
                        {
                          "name": "communicator.exchange",
                          "total": 387.3615448709959,
                          "count": 32077,
                          "is_parallel": true,
                          "self": 387.3615448709959
                        },
                        {
                          "name": "batched_step_result_from_proto",
                          "total": 3.6502213640015793,
                          "count": 32077,
                          "is_parallel": true,
                          "self": 1.3199590170068936,
                          "children": [
                            {
                              "name": "_process_vector_observation",
                              "total": 2.3302623469946857,
                              "count": 32077,
                              "is_parallel": true,
                              "self": 2.3302623469946857
                            }
                          ]
                        }
                      ]
                    }
                  ]
                }
              ]
            }
          ]
        },
        {
          "name": "update_policy",
          "total": 1.8984776510001176,
          "count": 243,
          "self": 1.8984776510001176
        }
      ]
    }
  ]
}