{
  "name": "root",
  "gauges": [
    {
      "name": "VehicleBrain.mean_reward",
      "value": 60.03768793493509,
      "min": -9.396814670413733,
      "max": 75.92325617124636,
      "count": 15
    }
  ],
  "total": 227.846866138,
  "count": 1,
  "self": 10.28487082499845,
  "children": [
    {
      "name": "TrainerController.advance",
      "total": 217.56199531300155,
      "count": 15686,
      "self": 6.8987663520020135,
      "children": [
        {
          "name": "env_step",
          "total": 209.71736631599947,
          "count": 15686,
          "self": 201.57281071300332,
          "children": [
            {
              "name": "SubprocessEnvManager._take_step",
              "total": 7.973416424997678,
              "count": 15686,
              "self": 0.27995657099700466,
              "children": [
                {
                  "name": "PPOPolicy.evaluate",
                  "total": 7.693459854000674,
                  "count": 15686,
                  "self": 7.693459854000674
                }
              ]
            },
            {
              "name": "workers",
              "total": 0.17113917799847478,
              "count": 15685,
              "self": 0.0,
              "children": [
                {
                  "name": "worker_root",
                  "total": 227.2687321310009,
                  "count": 15685,
                  "is_parallel": true,
                  "self": 33.92323675000043,
                  "children": [
                    {
                      "name": "batched_step_result_from_proto",
                      "total": 0.001310036999999653,
                      "count": 1,
                      "is_parallel": true,
                      "self": 0.00024960700000065117,
                      "children": [
                        {
                          "name": "_process_vector_observation",
                          "total": 0.001060429999999002,
                          "count": 1,
                          "is_parallel": true,
                          "self": 0.001060429999999002
                        }
                      ]
                    },
                    {
                      "name": "UnityEnvironment.step",
                      "total": 193.34418534400046,
                      "count": 15685,
                      "is_parallel": true,
                      "self": 1.0479982340031597,
                      "children": [
                        {
                          "name": "UnityEnvironment._generate_step_input",
                          "total": 0.6487572109987223,
                          "count": 15685,
                          "is_parallel": true,
                          "self": 0.6487572109987223
                        },
                        {
                          "name": "communicator.exchange",
                          "total": 189.8877620069988,
                          "count": 15685,
                          "is_parallel": true,
                          "self": 189.8877620069988
                        },
                        {
                          "name": "batched_step_result_from_proto",
                          "total": 1.7596678919997952,
                          "count": 15685,
                          "is_parallel": true,
                          "self": 0.6392186900005932,
                          "children": [
                            {
                              "name": "_process_vector_observation",
                              "total": 1.120449201999202,
                              "count": 15685,
                              "is_parallel": true,
                              "self": 1.120449201999202
                            }
                          ]
                        }
                      ]
                    }
                  ]
                }
              ]
            }
          ]
        },
        {
          "name": "update_policy",
          "total": 0.9458626450000711,
          "count": 120,
          "self": 0.9458626450000711
        }
      ]
    }
  ]
}