Steps,Policy/Entropy,Policy/Learning Rate,Policy/Extrinsic Value Estimate,Policy/Extrinsic Reward,Environment/Cumulative Reward,Environment/Episode Length
1000,1.4189383,0.00029940062,-0.12460157,2.842601776123047,2.8426040038466454,650.0
2000,1.4189383,0.0002982006,-0.1211683,114.72203588485718,114.72203905880451,468.5
3000,1.4189383,0.00029700057,0.020762693,90.85145092010498,90.85145480185747,519.0
4000,1.4189383,0.00029580062,0.15870938,-77.21203446388245,-77.21203784644604,875.0
5000,1.4189383,0.0002946006,-0.11829832,-10.361958771944046,-10.36195969581604,437.0
