{
  "name": "root",
  "gauges": [
    {
      "name": "VehicleBrain.mean_reward",
      "value": -10.36195969581604,
      "min": -77.21203784644604,
      "max": 114.72203905880451,
      "count": 5
    }
  ],
  "total": 93.79983566199999,
  "count": 1,
  "self": 6.805695157000386,
  "children": [
    {
      "name": "TrainerController.advance",
      "total": 86.9941405049996,
      "count": 5946,
      "self": 2.5701339140000528,
      "children": [
        {
          "name": "env_step",
          "total": 84.0795465249996,
          "count": 5946,
          "self": 81.0681217389993,
          "children": [
            {
              "name": "SubprocessEnvManager._take_step",
              "total": 2.9498655259999564,
              "count": 5946,
              "self": 0.100350319000035,
              "children": [
                {
                  "name": "PPOPolicy.evaluate",
                  "total": 2.8495152069999214,
                  "count": 5946,
                  "self": 2.8495152069999214
                }
              ]
            },
            {
              "name": "workers",
              "total": 0.061559260000346505,
              "count": 5945,
              "self": 0.0,
              "children": [
                {
                  "name": "worker_root",
                  "total": 93.4044184349998,
                  "count": 5945,
                  "is_parallel": true,
                  "self": 15.362202832999799,
                  "children": [
                    {
                      "name": "batched_step_result_from_proto",
                      "total": 0.0011289680000006186,
                      "count": 1,
                      "is_parallel": true,
                      "self": 0.00026498100000083014,
                      "children": [
                        {
                          "name": "_process_vector_observation",
                          "total": 0.0008639869999997885,
                          "count": 1,
                          "is_parallel": true,
                          "self": 0.0008639869999997885
                        }
                      ]
                    },
                    {
                      "name": "UnityEnvironment.step",
                      "total": 78.041086634,
                      "count": 5945,
                      "is_parallel": true,
                      "self": 0.3871980169999887,
                      "children": [
                        {
                          "name": "UnityEnvironment._generate_step_input",
                          "total": 0.238986839999777,
                          "count": 5945,
                          "is_parallel": true,
                          "self": 0.238986839999777
                        },
                        {
                          "name": "communicator.exchange",
                          "total": 76.76094305200041,
                          "count": 5945,
                          "is_parallel": true,
                          "self": 76.76094305200041
                        },
                        {
                          "name": "batched_step_result_from_proto",
                          "total": 0.6539587249998107,
                          "count": 5945,
                          "is_parallel": true,
                          "self": 0.2341622609995202,
                          "children": [
                            {
                              "name": "_process_vector_observation",
                              "total": 0.41979646400029047,
                              "count": 5945,
                              "is_parallel": true,
                              "self": 0.41979646400029047
                            }
                          ]
                        }
                      ]
                    }
                  ]
                }
              ]
            }
          ]
        },
        {
          "name": "update_policy",
          "total": 0.3444600659999555,
          "count": 46,
          "self": 0.3444600659999555
        }
      ]
    }
  ]
}