{
  "name": "root",
  "gauges": [
    {
      "name": "VehicleBrain.mean_reward",
      "value": 129.63957898318768,
      "min": -146.19424847513437,
      "max": 305.66427689194677,
      "count": 21
    }
  ],
  "total": 307.80512940399996,
  "count": 1,
  "self": 10.325826723998489,
  "children": [
    {
      "name": "TrainerController.advance",
      "total": 297.47930268000147,
      "count": 21253,
      "self": 9.304709203003199,
      "children": [
        {
          "name": "env_step",
          "total": 286.8903810329984,
          "count": 21253,
          "self": 275.9345490769992,
          "children": [
            {
              "name": "SubprocessEnvManager._take_step",
              "total": 10.730345693997421,
              "count": 21253,
              "self": 0.36930739699443293,
              "children": [
                {
                  "name": "PPOPolicy.evaluate",
                  "total": 10.361038297002988,
                  "count": 21253,
                  "self": 10.361038297002988
                }
              ]
            },
            {
              "name": "workers",
              "total": 0.22548626200180344,
              "count": 21252,
              "self": 0.0,
              "children": [
                {
                  "name": "worker_root",
                  "total": 307.1046375930003,
                  "count": 21252,
                  "is_parallel": true,
                  "self": 42.1283551780013,
                  "children": [
                    {
                      "name": "batched_step_result_from_proto",
                      "total": 0.001244726999999557,
                      "count": 1,
                      "is_parallel": true,
                      "self": 0.0002311529999996509,
                      "children": [
                        {
                          "name": "_process_vector_observation",
                          "total": 0.001013573999999906,
                          "count": 1,
                          "is_parallel": true,
                          "self": 0.001013573999999906
                        }
                      ]
                    },
                    {
                      "name": "UnityEnvironment.step",
                      "total": 264.97503768799896,
                      "count": 21252,
                      "is_parallel": true,
                      "self": 1.409428112997432,
                      "children": [
                        {
                          "name": "UnityEnvironment._generate_step_input",
                          "total": 0.8955361570019775,
                          "count": 21252,
                          "is_parallel": true,
                          "self": 0.8955361570019775
                        },
                        {
                          "name": "communicator.exchange",
                          "total": 260.30990682599935,
                          "count": 21252,
                          "is_parallel": true,
                          "self": 260.30990682599935
                        },
                        {
                          "name": "batched_step_result_from_proto",
                          "total": 2.3601665920002066,
                          "count": 21252,
                          "is_parallel": true,
                          "self": 0.8531097990005758,
                          "children": [
                            {
                              "name": "_process_vector_observation",
                              "total": 1.5070567929996308,
                              "count": 21252,
                              "is_parallel": true,
                              "self": 1.5070567929996308
                            }
                          ]
                        }
                      ]
                    }
                  ]
                }
              ]
            }
          ]
        },
        {
          "name": "update_policy",
          "total": 1.2842124439998877,
          "count": 160,
          "self": 1.2842124439998877
        }
      ]
    }
  ]
}