{
  "name": "root",
  "total": 107.09301725000003,
  "count": 1,
  "self": 24.353181696998462,
  "children": [
    {
      "name": "TrainerController.advance",
      "total": 82.73983555300157,
      "count": 8291,
      "self": 3.7995471530026066,
      "children": [
        {
          "name": "env_step",
          "total": 78.57527677299896,
          "count": 8291,
          "self": 71.46230200199602,
          "children": [
            {
              "name": "SubprocessEnvManager._take_step",
              "total": 7.042445101001135,
              "count": 8291,
              "self": 0.1254823739995743,
              "children": [
                {
                  "name": "PPOPolicy.evaluate",
                  "total": 6.916962727001561,
                  "count": 8291,
                  "self": 6.916962727001561
                }
              ]
            },
            {
              "name": "workers",
              "total": 0.07052967000180388,
              "count": 8290,
              "self": 0.0,
              "children": [
                {
                  "name": "worker_root",
                  "total": 106.7961326970009,
                  "count": 8290,
                  "is_parallel": true,
                  "self": 38.56869116100134,
                  "children": [
                    {
                      "name": "batched_step_result_from_proto",
                      "total": 0.0003182290000154353,
                      "count": 1,
                      "is_parallel": true,
                      "self": 7.278200001792356e-05,
                      "children": [
                        {
                          "name": "_process_vector_observation",
                          "total": 0.00024544699999751174,
                          "count": 1,
                          "is_parallel": true,
                          "self": 0.00024544699999751174
                        }
                      ]
                    },
                    {
                      "name": "UnityEnvironment.step",
                      "total": 68.22712330699954,
                      "count": 8290,
                      "is_parallel": true,
                      "self": 0.48023738400019056,
                      "children": [
                        {
                          "name": "UnityEnvironment._generate_step_input",
                          "total": 0.3195654109976829,
                          "count": 8290,
                          "is_parallel": true,
                          "self": 0.3195654109976829
                        },
                        {
                          "name": "communicator.exchange",
                          "total": 66.57158108199886,
                          "count": 8290,
                          "is_parallel": true,
                          "self": 66.57158108199886
                        },
                        {
                          "name": "batched_step_result_from_proto",
                          "total": 0.8557394300028136,
                          "count": 8290,
                          "is_parallel": true,
                          "self": 0.2937652230048968,
                          "children": [
                            {
                              "name": "_process_vector_observation",
                              "total": 0.5619742069979168,
                              "count": 8290,
                              "is_parallel": true,
                              "self": 0.5619742069979168
                            }
                          ]
                        }
                      ]
                    }
                  ]
                }
              ]
            }
          ]
        },
        {
          "name": "update_policy",
          "total": 0.3650116270000012,
          "count": 63,
          "self": 0.3650116270000012
        }
      ]
    }
  ]
}