{
  "name": "root",
  "gauges": [
    {
      "name": "VehicleBrain.mean_reward",
      "value": 22.264858103715458,
      "min": 20.698714002626673,
      "max": 22.383678182267246,
      "count": 3
    }
  ],
  "total": 366.165990158,
  "count": 1,
  "self": 11.466835844014668,
  "children": [
    {
      "name": "TrainerController.advance",
      "total": 354.69915431398533,
      "count": 30686,
      "self": 18.88062816998547,
      "children": [
        {
          "name": "env_step",
          "total": 332.0344577589974,
          "count": 30686,
          "self": 307.56309622698825,
          "children": [
            {
              "name": "SubprocessEnvManager._take_step",
              "total": 24.190194347002034,
              "count": 30686,
              "self": 0.4874593599892023,
              "children": [
                {
                  "name": "PPOPolicy.evaluate",
                  "total": 23.702734987012832,
                  "count": 30686,
                  "self": 23.702734987012832
                }
              ]
            },
            {
              "name": "workers",
              "total": 0.2811671850071207,
              "count": 30685,
              "self": 0.0,
              "children": [
                {
                  "name": "worker_root",
                  "total": 365.4558807029963,
                  "count": 30685,
                  "is_parallel": true,
                  "self": 70.80345325400413,
                  "children": [
                    {
                      "name": "batched_step_result_from_proto",
                      "total": 0.0003319759999840244,
                      "count": 1,
                      "is_parallel": true,
                      "self": 0.00010733999988588039,
                      "children": [
                        {
                          "name": "_process_vector_observation",
                          "total": 0.000224636000098144,
                          "count": 1,
                          "is_parallel": true,
                          "self": 0.000224636000098144
                        }
                      ]
                    },
                    {
                      "name": "UnityEnvironment.step",
                      "total": 294.6520954729922,
                      "count": 30685,
                      "is_parallel": true,
                      "self": 2.008837828003152,
                      "children": [
                        {
                          "name": "UnityEnvironment._generate_step_input",
                          "total": 1.6313235199928613,
                          "count": 30685,
                          "is_parallel": true,
                          "self": 1.6313235199928613
                        },
                        {
                          "name": "communicator.exchange",
                          "total": 287.089905998001,
                          "count": 30685,
                          "is_parallel": true,
                          "self": 287.089905998001
                        },
                        {
                          "name": "batched_step_result_from_proto",
                          "total": 3.922028126995201,
                          "count": 30685,
                          "is_parallel": true,
                          "self": 1.2929708169873493,
                          "children": [
                            {
                              "name": "_process_vector_observation",
                              "total": 2.629057310007852,
                              "count": 30685,
                              "is_parallel": true,
                              "self": 2.629057310007852
                            }
                          ]
                        }
                      ]
                    }
                  ]
                }
              ]
            }
          ]
        },
        {
          "name": "update_policy",
          "total": 3.784068385002456,
          "count": 914,
          "self": 2.0895865890015557,
          "children": [
            {
              "name": "PPOPolicy.update",
              "total": 1.6944817960009004,
              "count": 681,
              "self": 1.6944817960009004
            }
          ]
        }
      ]
    }
  ]
}