{
  "name": "root",
  "gauges": [
    {
      "name": "VehicleBrain.mean_reward",
      "value": 11696.727077325186,
      "min": 149.82850603886595,
      "max": 12146.962433407703,
      "count": 67
    }
  ],
  "total": 6839.636548332999,
  "count": 1,
  "self": 120.44942797703698,
  "children": [
    {
      "name": "TrainerController.advance",
      "total": 6719.187120355962,
      "count": 670446,
      "self": 493.67772931772834,
      "children": [
        {
          "name": "env_step",
          "total": 6037.820565506251,
          "count": 670446,
          "self": 5528.773130247607,
          "children": [
            {
              "name": "SubprocessEnvManager._take_step",
              "total": 503.14580275388334,
              "count": 670446,
              "self": 10.112189758854356,
              "children": [
                {
                  "name": "PPOPolicy.evaluate",
                  "total": 493.033612995029,
                  "count": 670446,
                  "self": 493.033612995029
                }
              ]
            },
            {
              "name": "workers",
              "total": 5.901632504760983,
              "count": 670445,
              "self": 0.0,
              "children": [
                {
                  "name": "worker_root",
                  "total": 6827.326813191306,
                  "count": 670445,
                  "is_parallel": true,
                  "self": 1572.3532747728968,
                  "children": [
                    {
                      "name": "batched_step_result_from_proto",
                      "total": 0.0003658550001546246,
                      "count": 1,
                      "is_parallel": true,
                      "self": 0.00010535499995967257,
                      "children": [
                        {
                          "name": "_process_vector_observation",
                          "total": 0.000260500000194952,
                          "count": 1,
                          "is_parallel": true,
                          "self": 0.000260500000194952
                        }
                      ]
                    },
                    {
                      "name": "UnityEnvironment.step",
                      "total": 5254.973172563409,
                      "count": 670445,
                      "is_parallel": true,
                      "self": 45.13912522816736,
                      "children": [
                        {
                          "name": "UnityEnvironment._generate_step_input",
                          "total": 44.06564056807906,
                          "count": 670445,
                          "is_parallel": true,
                          "self": 44.06564056807906
                        },
                        {
                          "name": "communicator.exchange",
                          "total": 5069.0233938649835,
                          "count": 670445,
                          "is_parallel": true,
                          "self": 5069.0233938649835
                        },
                        {
                          "name": "batched_step_result_from_proto",
                          "total": 96.74501290217859,
                          "count": 670445,
                          "is_parallel": true,
                          "self": 30.004406814079402,
                          "children": [
                            {
                              "name": "_process_vector_observation",
                              "total": 66.74060608809918,
                              "count": 670445,
                              "is_parallel": true,
                              "self": 66.74060608809918
                            }
                          ]
                        }
                      ]
                    }
                  ]
                }
              ]
            }
          ]
        },
        {
          "name": "update_policy",
          "total": 187.6888255319825,
          "count": 41302,
          "self": 93.582068184028,
          "children": [
            {
              "name": "PPOPolicy.update",
              "total": 94.1067573479545,
              "count": 40419,
              "self": 94.1067573479545
            }
          ]
        }
      ]
    }
  ]
}