{
  "name": "root",
  "gauges": [
    {
      "name": "VehicleBrain.mean_reward",
      "value": 22277.368672937155,
      "min": 49.21684664794628,
      "max": 22277.368672937155,
      "count": 197
    }
  ],
  "total": 29010.850944959995,
  "count": 1,
  "self": 366.92079228530565,
  "children": [
    {
      "name": "TrainerController.advance",
      "total": 28643.93015267469,
      "count": 1979052,
      "self": 2042.1937271328898,
      "children": [
        {
          "name": "env_step",
          "total": 25586.79804310377,
          "count": 1979052,
          "self": 24076.839968050088,
          "children": [
            {
              "name": "SubprocessEnvManager._take_step",
              "total": 1491.3572487496913,
              "count": 1979052,
              "self": 30.775534008689647,
              "children": [
                {
                  "name": "PPOPolicy.evaluate",
                  "total": 1460.5817147410016,
                  "count": 1979052,
                  "self": 1460.5817147410016
                }
              ]
            },
            {
              "name": "workers",
              "total": 18.60082630398938,
              "count": 1979051,
              "self": 0.0,
              "children": [
                {
                  "name": "worker_root",
                  "total": 28964.199709063818,
                  "count": 1979051,
                  "is_parallel": true,
                  "self": 5761.964609401424,
                  "children": [
                    {
                      "name": "batched_step_result_from_proto",
                      "total": 0.0003768110000237357,
                      "count": 1,
                      "is_parallel": true,
                      "self": 0.00010872799975913949,
                      "children": [
                        {
                          "name": "_process_vector_observation",
                          "total": 0.0002680830002645962,
                          "count": 1,
                          "is_parallel": true,
                          "self": 0.0002680830002645962
                        }
                      ]
                    },
                    {
                      "name": "UnityEnvironment.step",
                      "total": 23202.234722851394,
                      "count": 1979051,
                      "is_parallel": true,
                      "self": 150.50432990327317,
                      "children": [
                        {
                          "name": "UnityEnvironment._generate_step_input",
                          "total": 178.36579917305244,
                          "count": 1979051,
                          "is_parallel": true,
                          "self": 178.36579917305244
                        },
                        {
                          "name": "communicator.exchange",
                          "total": 22521.711444091092,
                          "count": 1979051,
                          "is_parallel": true,
                          "self": 22521.711444091092
                        },
                        {
                          "name": "batched_step_result_from_proto",
                          "total": 351.65314968397433,
                          "count": 1979051,
                          "is_parallel": true,
                          "self": 100.23918063539895,
                          "children": [
                            {
                              "name": "_process_vector_observation",
                              "total": 251.41396904857538,
                              "count": 1979051,
                              "is_parallel": true,
                              "self": 251.41396904857538
                            }
                          ]
                        }
                      ]
                    }
                  ]
                }
              ]
            }
          ]
        },
        {
          "name": "update_policy",
          "total": 1014.9383824380329,
          "count": 216370,
          "self": 516.1159942257636,
          "children": [
            {
              "name": "PPOPolicy.update",
              "total": 498.8223882122693,
              "count": 212994,
              "self": 498.8223882122693
            }
          ]
        }
      ]
    }
  ]
}