{"count":1,"gauges":{},"self":487.36030719999997,"total":45201.589745,"children":{"AgentResetIfDone":{"count":2055067,"self":7.9051712,"total":7.9051709999999993,"children":null},"AgentSendState":{"count":2055067,"self":15.9643552,"total":22.343859,"children":{"CollectObservations":{"count":2055067,"self":6.3795031999999994,"total":6.379503,"children":null}}},"DecideAction":{"count":2055067,"self":44609.093632,"total":44629.305901,"children":{"AgentInfo.ToProto":{"count":2055067,"self":20.2112224,"total":20.211223,"children":null}}},"AcademyStep":{"count":2055067,"self":6.4648119999999993,"total":6.4648119999999993,"children":null},"AgentAct":{"count":2055067,"self":48.2084544,"total":48.208456,"children":null}}}ll}}}