{"count":1,"gauges":{},"self":2274.9257728,"total":2316.758339,"children":{"AgentResetIfDone":{"count":115682,"self":4.13714,"total":4.13714,"children":null},"AgentSendState":{"count":115682,"self":4.2154592,"total":5.0097,"children":{"CollectObservations":{"count":28921,"self":0.794241,"total":0.794241,"children":null}}},"DecideAction":{"count":115682,"self":22.878895999999997,"total":22.878895999999997,"children":null},"AcademyStep":{"count":115682,"self":2.963561,"total":2.963561,"children":null},"AgentAct":{"count":115682,"self":6.8425392,"total":6.8425389999999995,"children":null}}}