{"count":1,"gauges":{},"self":1085.9706368,"total":1153.65132,"children":{"AgentResetIfDone":{"count":57622,"self":2.3516939999999997,"total":2.3516939999999997,"children":null},"AgentSendState":{"count":57622,"self":4.5030848,"total":6.3159659999999995,"children":{"CollectObservations":{"count":57622,"self":1.812881,"total":1.812881,"children":null}}},"DecideAction":{"count":57622,"self":53.395785599999996,"total":53.395786,"children":null},"AcademyStep":{"count":57622,"self":1.7119959999999999,"total":1.7119959999999999,"children":null},"AgentAct":{"count":57622,"self":3.903828,"total":3.903828,"children":null}}}