{"count":1,"gauges":{},"self":465.5757824,"total":487.539781,"children":{"AgentResetIfDone":{"count":24183,"self":1.159983,"total":1.159983,"children":null},"AgentSendState":{"count":24183,"self":3.8627727999999997,"total":6.3561229999999993,"children":{"CollectObservations":{"count":72552,"self":2.49335,"total":2.49335,"children":null}}},"DecideAction":{"count":24183,"self":8.3042176,"total":8.3042179999999988,"children":null},"AcademyStep":{"count":24183,"self":0.80709999999999993,"total":0.80709999999999993,"children":null},"AgentAct":{"count":24183,"self":5.3344112,"total":5.3344109999999993,"children":null}}}