{"count":1,"gauges":{},"self":612.1087488,"total":719.829379,"children":{"AgentResetIfDone":{"count":35977,"self":1.062681,"total":1.062681,"children":null},"AgentSendState":{"count":35977,"self":2.033576,"total":2.839343,"children":{"CollectObservations":{"count":35977,"self":0.805767,"total":0.805767,"children":null}}},"DecideAction":{"count":35977,"self":101.2732992,"total":101.273302,"children":null},"AcademyStep":{"count":35977,"self":0.724483,"total":0.724483,"children":null},"AgentAct":{"count":35977,"self":1.8203179999999999,"total":1.8203179999999999,"children":null}}}