{"count":1,"gauges":{},"self":17.1921712,"total":17.946568,"children":{"AgentResetIfDone":{"count":827,"self":0.027334999999999998,"total":0.027334999999999998,"children":null},"AgentSendState":{"count":827,"self":0.050184,"total":0.070119,"children":{"CollectObservations":{"count":827,"self":0.019934999999999998,"total":0.019934999999999998,"children":null}}},"DecideAction":{"count":827,"self":0.59000599999999992,"total":0.59000599999999992,"children":null},"AcademyStep":{"count":827,"self":0.018562,"total":0.018562,"children":null},"AgentAct":{"count":827,"self":0.047359,"total":0.047359,"children":null}}}