{"count":1,"gauges":{},"self":17.9406,"total":48.465191999999995,"children":{"AgentResetIfDone":{"count":11601,"self":0.37224599999999997,"total":0.37224599999999997,"children":null},"AgentSendState":{"count":11601,"self":0.638178,"total":0.896531,"children":{"CollectObservations":{"count":11601,"self":0.258353,"total":0.258353,"children":null}}},"DecideAction":{"count":11601,"self":28.134105599999998,"total":28.517214,"children":{"AgentInfo.ToProto":{"count":11601,"self":0.38311,"total":0.38311,"children":null}}},"AcademyStep":{"count":11601,"self":0.250976,"total":0.250976,"children":null},"AgentAct":{"count":11601,"self":0.486126,"total":0.486126,"children":null}}}