{"count":1,"gauges":{},"self":9.7394071999999987,"total":17.782866,"children":{"AgentResetIfDone":{"count":7634,"self":0.24975399999999998,"total":0.24975399999999998,"children":null},"AgentSendState":{"count":7634,"self":0.24872999999999998,"total":0.294881,"children":{"CollectObservations":{"count":1909,"self":0.046151,"total":0.046151,"children":null}}},"DecideAction":{"count":7634,"self":6.8733296,"total":6.9550449999999993,"children":{"AgentInfo.ToProto":{"count":1909,"self":0.081715,"total":0.081715,"children":null}}},"AcademyStep":{"count":7634,"self":0.175528,"total":0.175528,"children":null},"AgentAct":{"count":7634,"self":0.366691,"total":0.366691,"children":null}}}