{"count":1,"gauges":{},"self":469.45863679999997,"total":1412.3338629999998,"children":{"AgentResetIfDone":{"count":250017,"self":8.2431,"total":8.2431,"children":null},"AgentSendState":{"count":250017,"self":22.7180496,"total":28.764084999999998,"children":{"CollectObservations":{"count":250017,"self":6.046036,"total":6.046036,"children":null}}},"DecideAction":{"count":250017,"self":695.1187456,"total":703.094477,"children":{"AgentInfo.ToProto":{"count":250017,"self":7.9757104,"total":7.9757099999999994,"children":null}}},"AcademyStep":{"count":250017,"self":5.8757432,"total":5.875743,"children":null},"AgentAct":{"count":250017,"self":196.89579519999998,"total":196.895796,"children":null}}}