{"count":1,"gauges":{},"self":100.64327039999999,"total":117.044945,"children":{"AgentResetIfDone":{"count":5840,"self":0.154632,"total":0.154632,"children":null},"AgentSendState":{"count":5840,"self":0.30050899999999997,"total":0.419022,"children":{"CollectObservations":{"count":5840,"self":0.118513,"total":0.118513,"children":null}}},"DecideAction":{"count":5840,"self":15.4250832,"total":15.425082999999999,"children":null},"AcademyStep":{"count":5840,"self":0.110731,"total":0.110731,"children":null},"AgentAct":{"count":5840,"self":0.291445,"total":0.291445,"children":null}}}