{"count":1,"gauges":{},"self":8.3991768,"total":8.830972,"children":{"AgentResetIfDone":{"count":389,"self":0.010014,"total":0.010014,"children":null},"AgentSendState":{"count":389,"self":0.019059,"total":0.025758999999999997,"children":{"CollectObservations":{"count":389,"self":0.0066999999999999994,"total":0.0066999999999999994,"children":null}}},"DecideAction":{"count":389,"self":0.36532,"total":0.36532,"children":null},"AcademyStep":{"count":389,"self":0.00582,"total":0.00582,"children":null},"AgentAct":{"count":389,"self":0.023169,"total":0.023169,"children":null}}}