{"count":1,"gauges":{},"self":12.889379199999999,"total":15.66035,"children":{"AgentResetIfDone":{"count":14464,"self":0.477014,"total":0.477014,"children":null},"AgentSendState":{"count":14464,"self":0.65064199999999994,"total":0.97515,"children":{"CollectObservations":{"count":14464,"self":0.32450799999999996,"total":0.32450799999999996,"children":null}}},"DecideAction":{"count":14464,"self":0.356844,"total":0.356844,"children":null},"AcademyStep":{"count":14464,"self":0.311756,"total":0.311756,"children":null},"AgentAct":{"count":14464,"self":0.64919399999999994,"total":0.64919399999999994,"children":null}}}