{"count":1,"gauges":{},"self":422.685952,"total":498.53362,"children":{"AgentResetIfDone":{"count":24905,"self":0.79922799999999994,"total":0.79922799999999994,"children":null},"AgentSendState":{"count":24905,"self":1.568544,"total":2.183952,"children":{"CollectObservations":{"count":24905,"self":0.615408,"total":0.615408,"children":null}}},"DecideAction":{"count":24905,"self":70.6993152,"total":70.699317999999991,"children":null},"AcademyStep":{"count":24905,"self":0.57991799999999993,"total":0.57991799999999993,"children":null},"AgentAct":{"count":24905,"self":1.5842429999999998,"total":1.5842429999999998,"children":null}}}