{"count":1,"gauges":{},"self":122.118528,"total":140.738294,"children":{"AgentResetIfDone":{"count":6629,"self":0.174831,"total":0.174831,"children":null},"AgentSendState":{"count":6629,"self":0.341493,"total":0.47739099999999995,"children":{"CollectObservations":{"count":6629,"self":0.135898,"total":0.135898,"children":null}}},"DecideAction":{"count":6629,"self":17.5138464,"total":17.513846,"children":null},"AcademyStep":{"count":6629,"self":0.125616,"total":0.125616,"children":null},"AgentAct":{"count":6629,"self":0.32731699999999997,"total":0.32731699999999997,"children":null}}}