{"count":1,"gauges":{},"self":7470.7968,"total":14628.196651999999,"children":{"AgentResetIfDone":{"count":5328867,"self":125.8859136,"total":125.88591299999999,"children":null},"AgentSendState":{"count":5328867,"self":502.41223679999996,"total":829.489502,"children":{"CollectObservations":{"count":15986604,"self":327.0772736,"total":327.077278,"children":null}}},"DecideAction":{"count":5328867,"self":5333.9529216,"total":5424.3561819999995,"children":{"AgentInfo.ToProto":{"count":1332217,"self":90.403116799999992,"total":90.403116,"children":null}}},"AcademyStep":{"count":5328867,"self":106.725056,"total":106.72505699999999,"children":null},"AgentAct":{"count":5328867,"self":670.94241279999994,"total":670.942429,"children":null}}}