{"count":1,"gauges":{},"self":427.3823232,"total":457.272064,"children":{"AgentResetIfDone":{"count":22691,"self":0.792272,"total":0.792272,"children":null},"AgentSendState":{"count":22691,"self":2.390773,"total":3.005122,"children":{"CollectObservations":{"count":22691,"self":0.61434899999999992,"total":0.61434899999999992,"children":null}}},"DecideAction":{"count":22691,"self":23.9792608,"total":23.979260999999997,"children":null},"AcademyStep":{"count":22691,"self":0.587189,"total":0.587189,"children":null},"AgentAct":{"count":22691,"self":1.524653,"total":1.524653,"children":null}}}