{"count":1,"gauges":{},"self":39.5787968,"total":40.317862,"children":{"AgentResetIfDone":{"count":1902,"self":0.085734999999999992,"total":0.085734999999999992,"children":null},"AgentSendState":{"count":1902,"self":0.088477,"total":0.105264,"children":{"CollectObservations":{"count":476,"self":0.016787,"total":0.016787,"children":null}}},"DecideAction":{"count":1902,"self":0.353797,"total":0.353797,"children":null},"AcademyStep":{"count":1902,"self":0.059411,"total":0.059411,"children":null},"AgentAct":{"count":1902,"self":0.133843,"total":0.133843,"children":null}}}