{"count":1,"gauges":{},"self":25.164035199999997,"total":25.653363,"children":{"AgentResetIfDone":{"count":1269,"self":0.047809,"total":0.047809,"children":null},"AgentSendState":{"count":1269,"self":0.092315,"total":0.14773799999999998,"children":{"CollectObservations":{"count":2032,"self":0.055423,"total":0.055423,"children":null}}},"DecideAction":{"count":1269,"self":0.233266,"total":0.233266,"children":null},"AgentAct":{"count":1269,"self":0.058954,"total":0.058954,"children":null}}}