{"count":1,"gauges":{},"self":217.52399359999998,"total":45800.820422,"children":{"AgentResetIfDone":{"count":927717,"self":3.6071299999999997,"total":3.6071299999999997,"children":null},"AgentSendState":{"count":927717,"self":7.3152431999999994,"total":10.124208999999999,"children":{"CollectObservations":{"count":927717,"self":2.808966,"total":2.808966,"children":null}}},"DecideAction":{"count":927717,"self":45536.903168,"total":45546.480572,"children":{"AgentInfo.ToProto":{"count":927717,"self":9.575852,"total":9.575852,"children":null}}},"AcademyStep":{"count":927717,"self":2.62877,"total":2.62877,"children":null},"AgentAct":{"count":927717,"self":20.4541184,"total":20.454119,"children":null}}}ildren":null}}}hildren":null}}}